scan_timestamp_utc,scan_timestamp_local,record_id,curated_window,curated_mode,curated_experiment,matching_key_type,matching_run_count,matching_unique_run_data_row,matching_alice_file,matching_alice_results_line_numbers,matching_zerothird_results_data_rows,path
2026-07-09T07:50:41.661521+00:00,2026-07-09T09:50:41.661521+02:00,CHSH_S,"500 ps, 3 sigma",optimize,CHSH,record_id_and_timestamp,1,1,alice_CHSH_S_20260709T075041.661521Z_exp_20.0s.bin,30479,1,Data/DelayScans/initial_delay_scans_CHSH_S_20260709T075041.661521Z.png
2026-07-09T07:52:41.480113+00:00,2026-07-09T09:52:41.480113+02:00,CHSH_S,800 ps,optimize,CHSH,record_id_and_timestamp,1,2,alice_CHSH_S_20260709T075241.480113Z_exp_20.0s.bin,30480,2,Data/DelayScans/initial_delay_scans_CHSH_S_20260709T075241.480113Z.png
2026-07-09T07:54:08.700029+00:00,2026-07-09T09:54:08.700029+02:00,CHSH_S,800 ps,optimize,CHSH,record_id_and_timestamp,1,3,alice_CHSH_S_20260709T075408.700029Z_exp_20.0s.bin,30481,3,Data/DelayScans/initial_delay_scans_CHSH_S_20260709T075408.700029Z.png
2026-07-09T07:55:40.420028+00:00,2026-07-09T09:55:40.420028+02:00,CHSH_S,"480 ps, 3 sigma",optimize,CHSH,record_id_and_timestamp,1,4,alice_CHSH_S_20260709T075540.420028Z_exp_20.0s.bin,30482,4,Data/DelayScans/initial_delay_scans_CHSH_S_20260709T075540.420028Z.png
2026-07-09T07:56:42.747318+00:00,2026-07-09T09:56:42.747318+02:00,CHSH_S,"480 ps, 3 sigma",optimize,CHSH,record_id_and_timestamp,1,5,alice_CHSH_S_20260709T075642.747318Z_exp_20.0s.bin,30483,5,Data/DelayScans/initial_delay_scans_CHSH_S_20260709T075642.747318Z.png
2026-07-09T07:58:07.844174+00:00,2026-07-09T09:58:07.844174+02:00,CHSH_S,"475 ps, 3 sigma",optimize,CHSH,record_id_and_timestamp,1,6,alice_CHSH_S_20260709T075807.844174Z_exp_20.0s.bin,30484,6,Data/DelayScans/initial_delay_scans_CHSH_S_20260709T075807.844174Z.png
2026-07-09T08:01:27.031245+00:00,2026-07-09T10:01:27.031245+02:00,CHSH_S,"475 ps, 3 sigma",optimize,CHSH,record_id_and_timestamp,1,7,alice_CHSH_S_20260709T080127.031245Z_exp_20.0s.bin,30485,7,Data/DelayScans/initial_delay_scans_CHSH_S_20260709T080127.031245Z.png
2026-07-09T09:07:42.087504+00:00,2026-07-09T11:07:42.087504+02:00,CHSH_S,"475 ps, 3 sigma",optimize,CHSH,record_id_and_timestamp,1,85,alice_CHSH_S_20260709T090742.087504Z_exp_20.0s.bin,30563,85,Data/DelayScans/initial_delay_scans_CHSH_S_20260709T090742.087504Z.png
2026-07-09T09:43:49.709655+00:00,2026-07-09T11:43:49.709655+02:00,QKD,"475 ps, 3 sigma",optimize,QKD+CHSH,record_id_and_timestamp,1,128,alice_QKD_20260709T094349.709655Z_exp_20.0s.bin,30606-30607,128-129,Data/DelayScans/initial_delay_scans_QKD_20260709T094349.709655Z.png
2026-07-09T09:58:26.634576+00:00,2026-07-09T11:58:26.634576+02:00,QKD,"475 ps, 3 sigma",optimize,QKD+CHSH,record_id_and_timestamp,1,156,alice_QKD_20260709T095826.634576Z_exp_20.0s.bin,30662-30663,184-185,Data/DelayScans/initial_delay_scans_QKD_20260709T095826.634576Z.png
2026-07-09T10:49:39.952439+00:00,2026-07-09T12:49:39.952439+02:00,QKD,"475 ps, 3 sigma",optimize,QKD+CHSH,record_id_and_timestamp,1,262,alice_QKD_20260709T104939.952439Z_exp_20.0s.bin,30874-30875,396-397,Data/DelayScans/initial_delay_scans_QKD_20260709T104939.952439Z.png
2026-07-09T11:59:35.015679+00:00,2026-07-09T13:59:35.015679+02:00,QKD,"475 ps, 3 sigma",optimize,QKD+CHSH,record_id_and_timestamp,1,402,alice_QKD_20260709T115935.015679Z_exp_20.0s.bin,31154-31155,676-677,Data/DelayScans/initial_delay_scans_QKD_20260709T115935.015679Z.png
2026-07-10T06:13:16.089971+00:00,2026-07-10T08:13:16.089971+02:00,CHSH_S,"475 ps, 3 sigma",optimize,CHSH,record_id_and_timestamp,1,850,alice_CHSH_S_20260710T061316.089971Z_exp_20.0s.bin,32050,1572,Data/DelayScans/initial_delay_scans_CHSH_S_20260710T061316.089971Z.png
2026-07-10T06:29:17.760904+00:00,2026-07-10T08:29:17.760904+02:00,CHSH_S,"475 ps, 3 sigma",optimize,CHSH,record_id_and_timestamp,1,883,alice_CHSH_S_20260710T062917.760904Z_exp_20.0s.bin,32083,1605,Data/DelayScans/initial_delay_scans_CHSH_S_20260710T062917.760904Z.png
2026-07-10T07:18:28.858718+00:00,2026-07-10T09:18:28.858718+02:00,CHSH_S,"475 ps, 3 sigma",optimize,CHSH,record_id_and_timestamp,1,985,alice_CHSH_S_20260710T071828.858718Z_exp_20.0s.bin,32185,1707,Data/DelayScans/initial_delay_scans_CHSH_S_20260710T071828.858718Z.png
2026-07-10T09:03:25.230854+00:00,2026-07-10T11:03:25.230854+02:00,QKD,"475 ps, 3 sigma",optimize,QKD+CHSH,record_id_and_timestamp,1,1192,alice_QKD_20260710T090325.230854Z_exp_20.0s.bin,32392-32393,1914-1915,Data/DelayScans/initial_delay_scans_QKD_20260710T090325.230854Z.png
2026-07-10T09:31:47.568527+00:00,2026-07-10T11:31:47.568527+02:00,QKD,"475 ps, 3 sigma",optimize,QKD+CHSH,record_id_and_timestamp,1,1250,alice_QKD_20260710T093147.568527Z_exp_20.0s.bin,32508-32509,2030-2031,Data/DelayScans/initial_delay_scans_QKD_20260710T093147.568527Z.png
2026-07-10T10:50:07.229271+00:00,2026-07-10T12:50:07.229271+02:00,QKD,"475 ps, 3 sigma",optimize,QKD+CHSH,record_id_and_timestamp,1,1371,alice_QKD_20260710T105007.229271Z_exp_20.0s.bin,32750-32751,2272-2273,Data/DelayScans/initial_delay_scans_QKD_20260710T105007.229271Z.png
2026-07-10T11:24:42.152207+00:00,2026-07-10T13:24:42.152207+02:00,QKD,"475 ps, 3 sigma",optimize,QKD+CHSH,record_id_and_timestamp,1,1378,alice_QKD_20260710T112442.152207Z_exp_20.0s.bin,32764-32765,2286-2287,Data/DelayScans/initial_delay_scans_QKD_20260710T112442.152207Z.png
2026-07-10T11:26:34.378200+00:00,2026-07-10T13:26:34.378200+02:00,QKD,"475 ps, 3 sigma",optimize,QKD+CHSH,record_id_and_timestamp,1,1379,alice_QKD_20260710T112634.378200Z_exp_20.0s.bin,32766-32767,2288-2289,Data/DelayScans/initial_delay_scans_QKD_20260710T112634.378200Z.png
2026-07-10T11:29:17.782099+00:00,2026-07-10T13:29:17.782099+02:00,QKD,"475 ps, 3 sigma",optimize,QKD+CHSH,record_id_and_timestamp,1,1380,alice_QKD_20260710T112917.782099Z_exp_20.0s.bin,32768-32769,2290-2291,Data/DelayScans/initial_delay_scans_QKD_20260710T112917.782099Z.png
2026-07-10T12:03:56.842504+00:00,2026-07-10T14:03:56.842504+02:00,QKD,"160 ps, 1 sigma",optimize,QKD+CHSH,record_id_and_timestamp,1,1381,alice_QKD_20260710T120356.842504Z_exp_20.0s.bin,32770-32771,2292-2293,Data/DelayScans/initial_delay_scans_QKD_20260710T120356.842504Z.png
2026-07-10T13:53:31.959654+00:00,2026-07-10T15:53:31.959654+02:00,QKD,"160 ps, 1 sigma",optimize,QKD+CHSH,record_id_and_timestamp,1,1587,alice_QKD_20260710T135331.959654Z_exp_20.0s.bin,33131,2653,Data/DelayScans/initial_delay_scans_QKD_20260710T135331.959654Z.png
2026-07-10T14:23:45.347014+00:00,2026-07-10T16:23:45.347014+02:00,QKD,"160 ps, 1 sigma",optimize,QKD+CHSH,record_id_and_timestamp,1,1660,alice_QKD_20260710T142345.347014Z_exp_5.0s.bin,33204-33205,2726-2727,Data/DelayScans/initial_delay_scans_QKD_20260710T142345.347014Z.png
2026-07-10T16:04:52.416132+00:00,2026-07-10T18:04:52.416132+02:00,QKD,"160 ps, 1 sigma",optimize,QKD+CHSH,record_id_and_timestamp,1,2013,alice_QKD_20260710T160452.416132Z_exp_5.0s.bin,33910-33911,3432-3433,Data/DelayScans/initial_delay_scans_QKD_20260710T160452.416132Z.png
2026-07-10T16:36:43.556857+00:00,2026-07-10T18:36:43.556857+02:00,QKD,"160 ps, 1 sigma",optimize,QKD+CHSH,record_id_and_timestamp,1,2125,alice_QKD_20260710T163643.556857Z_exp_5.0s.bin,34134-34135,3656-3657,Data/DelayScans/initial_delay_scans_QKD_20260710T163643.556857Z.png
2026-07-10T17:13:16.792890+00:00,2026-07-10T19:13:16.792890+02:00,QKD,"160 ps, 1 sigma",optimize,QKD+CHSH,record_id_and_timestamp,1,2265,alice_QKD_20260710T171316.792890Z_exp_5.0s.bin,34414-34415,3936-3937,Data/DelayScans/initial_delay_scans_QKD_20260710T171316.792890Z.png
2026-07-10T17:14:39.658711+00:00,2026-07-10T19:14:39.658711+02:00,QKD,"160 ps, 1 sigma",optimize,QKD+CHSH,record_id_and_timestamp,1,2270,alice_QKD_20260710T171439.658711Z_exp_5.0s.bin,34424-34425,3946-3947,Data/DelayScans/initial_delay_scans_QKD_20260710T171439.658711Z.png
2026-07-10T17:28:12.306558+00:00,2026-07-10T19:28:12.306558+02:00,QKD,"160 ps, 1 sigma",optimize,QKD+CHSH,record_id_and_timestamp,1,2273,alice_QKD_20260710T172812.306558Z_exp_5.0s.bin,34430-34431,3952-3953,Data/DelayScans/initial_delay_scans_QKD_20260710T172812.306558Z.png
2026-07-10T18:27:48.438966+00:00,2026-07-10T20:27:48.438966+02:00,QKD,"160 ps, 1 sigma",optimize,QKD+CHSH,record_id_and_timestamp,1,2508,alice_QKD_20260710T182748.438966Z_exp_5.0s.bin,34841-34842,4363-4364,Data/DelayScans/initial_delay_scans_QKD_20260710T182748.438966Z.png
2026-07-11T07:26:05.161601+00:00,2026-07-11T09:26:05.161601+02:00,QKD,750 ps,optimize,QKD+CHSH,record_id_and_timestamp,1,5780,alice_QKD_20260711T072605.161601Z_exp_5.0s.bin,39170-39171,8692-8693,Data/DelayScans/initial_delay_scans_QKD_20260711T072605.161601Z.png
2026-07-11T13:11:54.140193+00:00,2026-07-11T15:11:54.140193+02:00,QKD,"320 ps, 2 sigma",optimize,QKD+CHSH,record_id_and_timestamp,1,7232,alice_QKD_20260711T131154.140193Z_exp_5.0s.bin,41236-41237,10758-10759,Data/DelayScans/initial_delay_scans_QKD_20260711T131154.140193Z.png
2026-07-11T21:09:04.138648+00:00,2026-07-11T23:09:04.138648+02:00,QKD,"320 ps, 2 sigma",stability_monitor,QKD+CHSH,record_id_and_timestamp,1,9220,alice_QKD_20260711T210904.138648Z_exp_5.0s.bin,43501-43502,13023-13024,Data/DelayScans/initial_delay_scans_QKD_20260711T210904.138648Z.png
2026-07-12T07:44:49.021540+00:00,2026-07-12T09:44:49.021540+02:00,QKD,"475 ps, 3 sigma",stability_monitor,QKD+CHSH,record_id_and_timestamp,1,11979,alice_QKD_20260712T074449.021540Z_exp_5.0s.bin,48948-48949,18470-18471,Data/DelayScans/initial_delay_scans_QKD_20260712T074449.021540Z.png
