timestamp,record_id,epc,dac,swept_voltage,voltages,visibility,vis_HV,vis_DA,QBER_total,QBER_HV,QBER_DA,total_coincidences,sync_markers,C_HH,C_HV,C_VH,C_VV,C_DD,C_DA,C_AD,C_AA,delay_HH_ps,delay_HV_ps,delay_VH_ps,delay_VV_ps,delay_DD_ps,delay_DA_ps,delay_AD_ps,delay_AA_ps
1781950400.5057282,20260620T101305.822928Z,Alice,0,0.0,"[0.0, 0.0, 0.0, 0.0, 0.0, 0.0, 0.0, 0.0]",0.004977375565610842,-0.3076923076923077,0.3176470588235294,0.4975113122171946,0.6538461538461539,0.3411764705882353,163,4913,13,34,17,14,25,18,11,31,40099.998474121094,35500.0,39200.00076293945,35200.00076293945,35599.998474121094,39099.998474121094,35599.998474121094,39099.998474121094
1781950416.7233884,20260620T101322.389276Z,Alice,0,5.0,"[5.0, 0.0, 0.0, 0.0, 0.0, 0.0, 0.0, 0.0]",-0.11666666666666668,-0.4,0.16666666666666666,0.5583333333333333,0.7,0.4166666666666667,130,4914,8,21,28,13,23,12,13,12,-300399.9938964844,35799.99923706055,39400.001525878906,35400.001525878906,35799.99923706055,39000.0,35299.99923706055,39000.0
1781950432.8653123,20260620T101338.584539Z,Alice,0,10.0,"[10.0, 0.0, 0.0, 0.0, 0.0, 0.0, 0.0, 0.0]",-0.019379844961240317,-0.37209302325581395,0.3333333333333333,0.5096899224806202,0.686046511627907,0.3333333333333333,146,4912,15,30,29,12,23,10,10,17,39599.998474121094,35400.001525878906,39400.001525878906,35099.998474121094,35400.001525878906,39099.998474121094,35500.0,38900.001525878906
1781950449.0077276,20260620T101354.693191Z,Alice,0,15.0,"[15.0, 0.0, 0.0, 0.0, 0.0, 0.0, 0.0, 0.0]",0.035117056856187295,-0.20512820512820512,0.2753623188405797,0.4824414715719063,0.6025641025641025,0.36231884057971014,147,4912,15,22,25,16,20,13,12,24,39799.99923706055,35799.99923706055,39200.00076293945,35099.998474121094,35599.998474121094,38900.001525878906,35000.0,38799.99923706055
1781950465.0991783,20260620T101410.852426Z,Alice,0,20.0,"[20.0, 0.0, 0.0, 0.0, 0.0, 0.0, 0.0, 0.0]",0.0016103059581320522,-0.18518518518518517,0.18840579710144928,0.499194847020934,0.5925925925925926,0.4057971014492754,150,4912,16,22,26,17,15,12,16,26,39500.0,35799.99923706055,39299.99923706055,35400.001525878906,35599.998474121094,38799.99923706055,35200.00076293945,38900.001525878906
1781950481.241081,20260620T101426.965632Z,Alice,0,25.0,"[25.0, 0.0, 0.0, 0.0, 0.0, 0.0, 0.0, 0.0]",-0.0411764705882353,-0.2,0.11764705882352941,0.5205882352941176,0.6,0.4411764705882353,153,4911,15,28,23,19,14,11,19,24,39700.00076293945,35500.0,39500.0,35400.001525878906,35500.0,39500.0,35500.0,38900.001525878906
1781950497.2663934,20260620T101443.042299Z,Alice,0,30.0,"[30.0, 0.0, 0.0, 0.0, 0.0, 0.0, 0.0, 0.0]",0.09806201550387597,0.16279069767441862,0.03333333333333333,0.45096899224806203,0.4186046511627907,0.48333333333333334,146,4913,29,18,18,21,15,7,22,16,39500.0,36000.0,39500.0,35299.99923706055,35599.998474121094,39299.99923706055,35200.00076293945,39200.00076293945
1781950513.282729,20260620T101459.097381Z,Alice,0,35.0,"[35.0, 0.0, 0.0, 0.0, 0.0, 0.0, 0.0, 0.0]",-0.058562367864693446,0.046511627906976744,-0.16363636363636364,0.5292811839323467,0.47674418604651164,0.5818181818181818,141,4912,28,27,14,17,10,14,18,13,39799.99923706055,35900.001525878906,39400.001525878906,35099.998474121094,35700.00076293945,39000.0,35599.998474121094,39000.0
1781950529.3636045,20260620T101515.107600Z,Alice,0,40.0,"[40.0, 0.0, 0.0, 0.0, 0.0, 0.0, 0.0, 0.0]",0.03492516037063435,0.21739130434782608,-0.14754098360655737,0.4825374198146828,0.391304347826087,0.5737704918032787,130,4912,25,15,12,17,13,13,22,13,39500.0,35299.99923706055,39299.99923706055,35299.99923706055,35200.00076293945,38700.00076293945,35400.001525878906,38799.99923706055
1781950546.048594,20260620T101531.247382Z,Alice,0,45.0,"[45.0, 0.0, 0.0, 0.0, 0.0, 0.0, 0.0, 0.0]",-0.05555555555555555,0.2222222222222222,-0.3333333333333333,0.5277777777777778,0.3888888888888889,0.6666666666666666,123,4911,26,16,12,18,10,19,15,7,39599.998474121094,35799.99923706055,39099.998474121094,35200.00076293945,35400.001525878906,39299.99923706055,35099.998474121094,38700.00076293945
1781950561.9921327,20260620T101547.882962Z,Alice,0,50.0,"[50.0, 0.0, 0.0, 0.0, 0.0, 0.0, 0.0, 0.0]",0.09977388355002825,0.47540983606557374,-0.27586206896551724,0.45011305822498593,0.26229508196721313,0.6379310344827587,119,4912,27,11,5,18,13,20,17,8,39900.001525878906,35400.001525878906,39000.0,35200.00076293945,36000.0,39200.00076293945,35200.00076293945,39299.99923706055
1781950578.0021274,20260620T101603.773706Z,Alice,0,55.0,"[55.0, 0.0, 0.0, 0.0, 0.0, 0.0, 0.0, 0.0]",-0.04482109227871939,0.288135593220339,-0.37777777777777777,0.5224105461393597,0.3559322033898305,0.6888888888888889,104,4913,22,11,10,16,11,16,15,3,39500.0,35799.99923706055,39500.0,35500.0,35700.00076293945,39099.998474121094,35500.0,39099.998474121094
1781950594.4796278,20260620T101619.859514Z,Alice,0,60.0,"[60.0, 0.0, 0.0, 0.0, 0.0, 0.0, 0.0, 0.0]",0.036057692307692304,0.1875,-0.11538461538461539,0.48197115384615385,0.40625,0.5576923076923077,116,4911,22,14,12,16,21,17,12,2,39599.998474121094,35400.001525878906,39200.00076293945,35200.00076293945,35599.998474121094,39200.00076293945,35500.0,-278299.98779296875
1781950610.687679,20260620T101636.517110Z,Alice,0,65.0,"[65.0, 0.0, 0.0, 0.0, 0.0, 0.0, 0.0, 0.0]",-0.09731735159817352,0.0136986301369863,-0.20833333333333334,0.5486586757990868,0.4931506849315068,0.6041666666666666,121,4912,19,26,10,18,14,24,5,5,39700.00076293945,35500.0,39599.998474121094,35500.0,35599.998474121094,39400.001525878906,34799.99923706055,-3599.9999046325684
1781950626.6330943,20260620T101652.515052Z,Alice,0,70.0,"[70.0, 0.0, 0.0, 0.0, 0.0, 0.0, 0.0, 0.0]",-0.09189347380743343,-0.16417910447761194,-0.0196078431372549,0.5459467369037168,0.582089552238806,0.5098039215686274,118,4914,15,21,18,13,19,18,8,6,39799.99923706055,35700.00076293945,39299.99923706055,35599.998474121094,35500.0,39299.99923706055,34900.001525878906,38900.001525878906
1781950642.5454779,20260620T101708.432413Z,Alice,0,75.0,"[75.0, 0.0, 0.0, 0.0, 0.0, 0.0, 0.0, 0.0]",-0.07167832167832168,-0.18181818181818182,0.038461538461538464,0.5358391608391608,0.5909090909090909,0.4807692307692308,118,4906,11,15,24,16,20,15,10,7,39400.001525878906,36000.0,39299.99923706055,35400.001525878906,35400.001525878906,39099.998474121094,35099.998474121094,39099.998474121094
1781950658.4603047,20260620T101724.375466Z,Alice,0,80.0,"[80.0, 0.0, 0.0, 0.0, 0.0, 0.0, 0.0, 0.0]",0.046875,-0.28125,0.375,0.4765625,0.640625,0.3125,112,4913,12,22,19,11,24,12,3,9,39700.00076293945,35700.00076293945,39299.99923706055,35599.998474121094,35700.00076293945,38900.001525878906,35299.99923706055,39099.998474121094
1781950674.339416,20260620T101740.268690Z,Alice,0,85.0,"[85.0, 0.0, 0.0, 0.0, 0.0, 0.0, 0.0, 0.0]",-0.08395061728395062,-0.2345679012345679,0.06666666666666667,0.5419753086419753,0.6172839506172839,0.4666666666666667,126,4913,18,32,18,13,14,14,7,10,40200.00076293945,35500.0,39400.001525878906,35099.998474121094,35799.99923706055,39200.00076293945,35400.001525878906,39200.00076293945
1781950690.2941642,20260620T101756.158318Z,Alice,0,90.0,"[90.0, 0.0, 0.0, 0.0, 0.0, 0.0, 0.0, 0.0]",0.03946078431372549,-0.12941176470588237,0.20833333333333334,0.4802696078431372,0.5647058823529412,0.3958333333333333,133,4913,22,26,22,15,11,13,6,18,39700.00076293945,35599.998474121094,39400.001525878906,35299.99923706055,35799.99923706055,39000.0,35500.0,38700.00076293945
1781950706.310252,20260620T101812.190838Z,Alice,0,95.0,"[95.0, 0.0, 0.0, 0.0, 0.0, 0.0, 0.0, 0.0]",0.14426705370101597,-0.1076923076923077,0.39622641509433965,0.427866473149492,0.5538461538461539,0.3018867924528302,118,4914,21,22,14,8,16,10,6,21,39500.0,36000.0,39200.00076293945,195500.0,35599.998474121094,39500.0,35400.001525878906,38599.998474121094
1781950722.314185,20260620T101828.165811Z,Alice,0,100.0,"[100.0, 0.0, 0.0, 0.0, 0.0, 0.0, 0.0, 0.0]",0.03952569169960474,-0.18181818181818182,0.2608695652173913,0.48023715415019763,0.5909090909090909,0.3695652173913043,112,4913,12,23,16,15,11,5,12,18,39799.99923706055,35500.0,39400.001525878906,35400.001525878906,35400.001525878906,38799.99923706055,35299.99923706055,38799.99923706055
1781950738.2710712,20260620T101844.125638Z,Alice,0,105.0,"[105.0, 0.0, 0.0, 0.0, 0.0, 0.0, 0.0, 0.0]",-0.11731472249916916,-0.2542372881355932,0.0196078431372549,0.5586573612495845,0.6271186440677966,0.49019607843137253,110,4913,16,27,10,6,14,8,17,12,39500.0,35700.00076293945,39700.00076293945,34900.001525878906,35500.0,39200.00076293945,35000.0,38799.99923706055
1781950754.2546916,20260620T101900.097061Z,Alice,0,110.0,"[110.0, 0.0, 0.0, 0.0, 0.0, 0.0, 0.0, 0.0]",0.13044936284372904,0.07042253521126761,0.19047619047619047,0.43477531857813545,0.4647887323943662,0.40476190476190477,113,4912,24,27,6,14,8,4,13,17,39799.99923706055,35400.001525878906,39299.99923706055,35500.0,35500.0,38900.001525878906,35599.998474121094,38799.99923706055
1781950770.2516007,20260620T101916.135274Z,Alice,0,115.0,"[115.0, 0.0, 0.0, 0.0, 0.0, 0.0, 0.0, 0.0]",0.09021739130434783,0.05,0.13043478260869565,0.4548913043478261,0.475,0.43478260869565216,126,4913,29,25,13,13,8,4,16,18,39599.998474121094,35599.998474121094,39400.001525878906,35599.998474121094,35500.0,39000.0,35599.998474121094,39000.0
1781950786.2820127,20260620T101932.099415Z,Alice,0,120.0,"[120.0, 0.0, 0.0, 0.0, 0.0, 0.0, 0.0, 0.0]",0.07546082949308755,0.25806451612903225,-0.10714285714285714,0.46226958525345624,0.3709677419354839,0.5535714285714286,118,4913,30,13,10,9,9,7,24,16,39700.00076293945,35700.00076293945,39000.0,35400.001525878906,35799.99923706055,39299.99923706055,35299.99923706055,38799.99923706055
1781950802.2018244,20260620T101948.129459Z,Alice,0,125.0,"[125.0, 0.0, 0.0, 0.0, 0.0, 0.0, 0.0, 0.0]",-0.07029730480689081,0.14754098360655737,-0.288135593220339,0.5351486524034453,0.4262295081967213,0.6440677966101694,120,4914,24,16,10,11,10,16,22,11,39900.001525878906,35299.99923706055,39400.001525878906,35400.001525878906,35799.99923706055,39299.99923706055,35000.0,39000.0
1781950818.326311,20260620T102004.056606Z,Alice,0,130.0,"[130.0, 0.0, 0.0, 0.0, 0.0, 0.0, 0.0, 0.0]",-0.03888888888888889,0.2,-0.2777777777777778,0.5194444444444444,0.4,0.6388888888888888,106,4912,23,20,8,19,10,12,11,3,39599.998474121094,35700.00076293945,40000.0,35200.00076293945,35599.998474121094,38799.99923706055,35299.99923706055,38400.001525878906
1781950834.3262856,20260620T102020.193462Z,Alice,1,0.0,"[0.0, 0.0, 0.0, 0.0, 0.0, 0.0, 0.0, 0.0]",0.09157509157509158,-0.047619047619047616,0.23076923076923078,0.45421245421245426,0.5238095238095238,0.38461538461538464,115,4912,14,17,16,16,21,13,7,11,39400.001525878906,35299.99923706055,39200.00076293945,35400.001525878906,35900.001525878906,38900.001525878906,35500.0,38599.998474121094
1781950850.3019753,20260620T102036.203649Z,Alice,1,5.0,"[0.0, 5.0, 0.0, 0.0, 0.0, 0.0, 0.0, 0.0]",-0.09109730848861283,-0.42028985507246375,0.23809523809523808,0.5455486542443064,0.7101449275362319,0.38095238095238093,111,4914,12,22,27,8,17,8,8,9,39599.998474121094,35599.998474121094,39500.0,35200.00076293945,35700.00076293945,39200.00076293945,35599.998474121094,39000.0
1781950866.3657928,20260620T102052.201148Z,Alice,1,10.0,"[0.0, 10.0, 0.0, 0.0, 0.0, 0.0, 0.0, 0.0]",0.09976580796252926,-0.11475409836065574,0.3142857142857143,0.45011709601873534,0.5573770491803278,0.34285714285714286,96,4914,14,18,16,13,14,7,5,9,39400.001525878906,35500.0,39299.99923706055,35099.998474121094,35700.00076293945,39400.001525878906,28899.999618530273,39200.00076293945
1781950882.563018,20260620T102108.231583Z,Alice,1,15.0,"[0.0, 15.0, 0.0, 0.0, 0.0, 0.0, 0.0, 0.0]",-0.05263157894736842,-0.3157894736842105,0.21052631578947367,0.5263157894736843,0.6578947368421053,0.39473684210526316,114,4916,17,26,24,9,13,11,4,10,39500.0,35599.998474121094,39400.001525878906,-246100.00610351562,35799.99923706055,39299.99923706055,-365899.9938964844,38500.0
1781950898.8542204,20260620T102124.436081Z,Alice,1,20.0,"[0.0, 20.0, 0.0, 0.0, 0.0, 0.0, 0.0, 0.0]",0.05454545454545455,0.01818181818181818,0.09090909090909091,0.4727272727272727,0.4909090909090909,0.45454545454545453,88,4914,22,17,10,6,8,11,4,10,40000.0,35700.00076293945,39500.0,-240500.0,35599.998474121094,39200.00076293945,-38900.001525878906,38700.00076293945
1781950915.0677266,20260620T102140.877982Z,Alice,1,25.0,"[0.0, 25.0, 0.0, 0.0, 0.0, 0.0, 0.0, 0.0]",0.043859649122807015,0.08771929824561403,0.0,0.4780701754385965,0.45614035087719296,0.5,85,4913,27,14,12,4,6,9,5,8,39900.001525878906,35400.001525878906,39299.99923706055,-328399.9938964844,370899.9938964844,39099.998474121094,34900.001525878906,39299.99923706055
1781950931.0615754,20260620T102156.930617Z,Alice,1,30.0,"[0.0, 30.0, 0.0, 0.0, 0.0, 0.0, 0.0, 0.0]",0.08854166666666667,0.34375,-0.16666666666666666,0.4557291666666667,0.328125,0.5833333333333334,100,4913,34,14,7,9,6,15,6,9,39500.0,35099.998474121094,39099.998474121094,111599.9984741211,-170300.0030517578,39400.001525878906,35200.00076293945,38700.00076293945
1781950947.0319712,20260620T102212.930863Z,Alice,1,35.0,"[0.0, 35.0, 0.0, 0.0, 0.0, 0.0, 0.0, 0.0]",0.08536585365853659,0.17073170731707318,0.0,0.45731707317073167,0.4146341463414634,0.5,79,4914,20,12,5,4,6,9,10,13,39700.00076293945,38099.998474121094,-156699.9969482422,441700.01220703125,-139100.00610351562,39099.998474121094,35099.998474121094,38799.99923706055
1781950962.9998925,20260620T102228.864569Z,Alice,1,40.0,"[0.0, 40.0, 0.0, 0.0, 0.0, 0.0, 0.0, 0.0]",-0.06449631449631449,0.1891891891891892,-0.3181818181818182,0.5322481572481572,0.40540540540540543,0.6590909090909091,81,4913,15,7,8,7,6,13,16,9,39900.001525878906,-505899.9938964844,-454399.9938964844,35400.001525878906,35599.998474121094,39000.0,35099.998474121094,38700.00076293945
1781950978.8799913,20260620T102244.814032Z,Alice,1,45.0,"[0.0, 45.0, 0.0, 0.0, 0.0, 0.0, 0.0, 0.0]",0.04140310523289247,0.1891891891891892,-0.10638297872340426,0.47929844738355376,0.40540540540540543,0.5531914893617021,84,4913,15,10,5,7,10,9,17,11,39400.001525878906,-290100.0061035156,-123699.99694824219,34799.99923706055,456299.98779296875,38700.00076293945,35099.998474121094,39000.0
1781950994.8421912,20260620T102300.696345Z,Alice,1,50.0,"[0.0, 50.0, 0.0, 0.0, 0.0, 0.0, 0.0, 0.0]",0.0014005602240896309,0.23809523809523808,-0.23529411764705882,0.4992997198879552,0.38095238095238093,0.6176470588235294,76,4914,9,7,9,17,6,10,11,7,39299.99923706055,-492100.0061035156,-121400.0015258789,35599.998474121094,35200.00076293945,39000.0,35299.99923706055,38599.998474121094
1781951010.8016927,20260620T102316.688849Z,Alice,1,55.0,"[0.0, 55.0, 0.0, 0.0, 0.0, 0.0, 0.0, 0.0]",-0.038793103448275856,0.1724137931034483,-0.25,0.5193965517241379,0.41379310344827586,0.625,77,4911,7,6,6,10,6,10,20,12,478399.9938964844,36200.00076293945,-336200.01220703125,35500.0,35799.99923706055,39500.0,35299.99923706055,38700.00076293945
1781951026.7828643,20260620T102332.626511Z,Alice,1,60.0,"[0.0, 60.0, 0.0, 0.0, 0.0, 0.0, 0.0, 0.0]",0.09147286821705426,0.11627906976744186,0.06666666666666667,0.4542635658914729,0.4418604651162791,0.4666666666666667,88,4913,5,13,6,19,16,8,13,8,8899.999618530273,36000.0,8699.999809265137,35599.998474121094,35799.99923706055,39299.99923706055,35400.001525878906,4500.0
1781951042.7591462,20260620T102348.623248Z,Alice,1,65.0,"[0.0, 65.0, 0.0, 0.0, 0.0, 0.0, 0.0, 0.0]",0.012698412698412697,-0.022222222222222223,0.047619047619047616,0.4936507936507936,0.5111111111111111,0.47619047619047616,108,4914,7,12,11,15,23,12,18,10,-9699.999809265137,35700.00076293945,39400.001525878906,35700.00076293945,35500.0,39200.00076293945,35200.00076293945,38599.998474121094
1781951058.8504493,20260620T102404.660936Z,Alice,1,70.0,"[0.0, 70.0, 0.0, 0.0, 0.0, 0.0, 0.0, 0.0]",0.04716981132075472,0.0,0.09433962264150944,0.47641509433962265,0.5,0.4528301886792453,109,4913,10,15,13,18,20,9,15,9,-411899.9938964844,35900.001525878906,39200.00076293945,35299.99923706055,35700.00076293945,38900.001525878906,35400.001525878906,38500.0
1781951074.889069,20260620T102420.722546Z,Alice,1,75.0,"[0.0, 75.0, 0.0, 0.0, 0.0, 0.0, 0.0, 0.0]",0.01999999999999999,-0.2,0.24,0.49,0.6,0.38,95,4914,7,15,12,11,17,8,11,14,91900.0015258789,36000.0,39700.00076293945,35299.99923706055,35400.001525878906,39099.998474121094,35000.0,38599.998474121094
1781951090.8457303,20260620T102436.721780Z,Alice,1,80.0,"[0.0, 80.0, 0.0, 0.0, 0.0, 0.0, 0.0, 0.0]",0.052173913043478265,-0.2,0.30434782608695654,0.47391304347826085,0.6,0.34782608695652173,96,4913,10,18,12,10,19,11,5,11,81300.00305175781,36000.0,39200.00076293945,35400.001525878906,35599.998474121094,39099.998474121094,35299.99923706055,38799.99923706055
1781951106.7972174,20260620T102452.688388Z,Alice,1,85.0,"[0.0, 85.0, 0.0, 0.0, 0.0, 0.0, 0.0, 0.0]",-0.12647312446105202,-0.43661971830985913,0.1836734693877551,0.563236562230526,0.7183098591549296,0.40816326530612246,120,4909,11,29,22,9,16,10,10,13,39299.99923706055,35599.998474121094,39299.99923706055,35099.998474121094,35700.00076293945,39000.0,35200.00076293945,39000.0
1781951122.8386111,20260620T102508.642465Z,Alice,1,90.0,"[0.0, 90.0, 0.0, 0.0, 0.0, 0.0, 0.0, 0.0]",-0.1219047619047619,-0.5238095238095238,0.28,0.5609523809523809,0.7619047619047619,0.36,113,4914,9,31,17,6,17,13,5,15,39500.0,35500.0,39099.998474121094,34599.998474121094,35500.0,39500.0,35200.00076293945,39000.0
1781951138.8867457,20260620T102524.730983Z,Alice,1,95.0,"[0.0, 95.0, 0.0, 0.0, 0.0, 0.0, 0.0, 0.0]",0.019732205778717406,-0.030303030303030304,0.06976744186046512,0.49013389711064126,0.5151515151515151,0.46511627906976744,109,4913,25,20,14,7,11,15,5,12,39900.001525878906,35799.99923706055,39200.00076293945,-398899.9938964844,35500.0,39200.00076293945,146899.99389648438,38599.998474121094
1781951154.9162962,20260620T102540.752874Z,Alice,1,100.0,"[0.0, 100.0, 0.0, 0.0, 0.0, 0.0, 0.0, 0.0]",0.009758897818599316,-0.13432835820895522,0.15384615384615385,0.4951205510907003,0.5671641791044776,0.4230769230769231,119,4913,21,18,20,8,16,17,5,14,39700.00076293945,35500.0,39500.0,-453500.0,35500.0,39400.001525878906,-248500.0,38799.99923706055
1781951170.9336972,20260620T102556.757755Z,Alice,1,105.0,"[0.0, 105.0, 0.0, 0.0, 0.0, 0.0, 0.0, 0.0]",-0.05825734549138804,-0.02127659574468085,-0.09523809523809523,0.5291286727456941,0.5106382978723404,0.5476190476190477,89,4913,20,15,9,3,6,18,5,13,39400.001525878906,35500.0,39599.998474121094,440600.0061035156,35900.001525878906,39099.998474121094,-315000.0,38700.00076293945
1781951186.9377189,20260620T102612.789169Z,Alice,1,110.0,"[0.0, 110.0, 0.0, 0.0, 0.0, 0.0, 0.0, 0.0]",0.18481182795698925,0.20833333333333334,0.16129032258064516,0.4075940860215054,0.3958333333333333,0.41935483870967744,79,4910,22,10,9,7,6,8,5,12,39500.0,35799.99923706055,39299.99923706055,-487500.0,35099.998474121094,39400.001525878906,35500.0,38799.99923706055
1781951202.9299138,20260620T102628.807008Z,Alice,1,115.0,"[0.0, 115.0, 0.0, 0.0, 0.0, 0.0, 0.0, 0.0]",0.07085561497326202,0.3181818181818182,-0.17647058823529413,0.464572192513369,0.3409090909090909,0.5882352941176471,78,4911,22,10,5,7,5,11,9,9,39599.998474121094,35799.99923706055,216600.00610351562,-208399.99389648438,198600.00610351562,38799.99923706055,35000.0,38599.998474121094
1781951218.9899554,20260620T102644.828570Z,Alice,1,120.0,"[0.0, 120.0, 0.0, 0.0, 0.0, 0.0, 0.0, 0.0]",-0.11522048364153625,0.24324324324324326,-0.47368421052631576,0.5576102418207681,0.3783783783783784,0.7368421052631579,75,4910,17,9,5,6,7,17,11,3,39500.0,-239000.0,-197699.9969482422,35200.00076293945,-270500.0,39200.00076293945,35599.998474121094,373299.98779296875
1781951235.0896022,20260620T102700.860204Z,Alice,1,125.0,"[0.0, 125.0, 0.0, 0.0, 0.0, 0.0, 0.0, 0.0]",-0.06302521008403361,0.2549019607843137,-0.38095238095238093,0.5315126050420168,0.37254901960784315,0.6904761904761905,93,4913,21,11,8,11,6,15,14,7,39599.998474121094,238600.00610351562,-183000.0,35099.998474121094,-84400.0015258789,39299.99923706055,35099.998474121094,495799.98779296875
1781951251.1544054,20260620T102716.970521Z,Alice,1,130.0,"[0.0, 130.0, 0.0, 0.0, 0.0, 0.0, 0.0, 0.0]",-0.06724986331328596,0.22033898305084745,-0.3548387096774194,0.5336249316566429,0.3898305084745763,0.6774193548387096,90,4914,17,16,7,19,6,8,13,4,39500.0,257200.01220703125,440200.01220703125,35599.998474121094,-362799.98779296875,39400.001525878906,35400.001525878906,-482100.0061035156
1781951267.195989,20260620T102733.043386Z,Alice,2,0.0,"[0.0, 0.0, 0.0, 0.0, 0.0, 0.0, 0.0, 0.0]",-0.05845771144278607,-0.2835820895522388,0.16666666666666666,0.529228855721393,0.6417910447761194,0.4166666666666667,127,4913,12,25,18,12,22,14,11,13,39900.001525878906,35700.00076293945,39400.001525878906,35099.998474121094,35599.998474121094,38799.99923706055,35200.00076293945,38900.001525878906
1781951283.1745276,20260620T102749.010406Z,Alice,2,5.0,"[0.0, 0.0, 5.0, 0.0, 0.0, 0.0, 0.0, 0.0]",-0.009276437847866414,-0.3246753246753247,0.30612244897959184,0.5046382189239332,0.6623376623376623,0.3469387755102041,126,4910,9,37,14,17,14,5,12,18,-353799.98779296875,35900.001525878906,39400.001525878906,35200.00076293945,35299.99923706055,37700.00076293945,35500.0,38900.001525878906
1781951299.2767498,20260620T102805.004340Z,Alice,2,10.0,"[0.0, 0.0, 10.0, 0.0, 0.0, 0.0, 0.0, 0.0]",0.025827280064568192,-0.1864406779661017,0.23809523809523808,0.4870863599677159,0.5932203389830508,0.38095238095238093,122,4913,8,21,14,16,23,6,18,16,412899.9938964844,35400.001525878906,39099.998474121094,35099.998474121094,35700.00076293945,39299.99923706055,35299.99923706055,38700.00076293945
1781951315.3862612,20260620T102821.132114Z,Alice,2,15.0,"[0.0, 0.0, 15.0, 0.0, 0.0, 0.0, 0.0, 0.0]",-0.04985754985754985,-0.07407407407407407,-0.02564102564102564,0.524928774928775,0.5370370370370371,0.5128205128205128,93,4914,5,15,14,20,12,7,13,7,135100.00610351562,35700.00076293945,39200.00076293945,35400.001525878906,35299.99923706055,37900.001525878906,35299.99923706055,39099.998474121094
1781951331.321064,20260620T102837.247652Z,Alice,2,20.0,"[0.0, 0.0, 20.0, 0.0, 0.0, 0.0, 0.0, 0.0]",-0.11978938130759104,-0.06976744186046512,-0.16981132075471697,0.5598946906537955,0.5348837209302325,0.5849056603773585,96,4913,4,10,13,16,12,7,24,10,-269899.9938964844,35599.998474121094,39500.0,35299.99923706055,35900.001525878906,128199.99694824219,35700.00076293945,38900.001525878906
1781951347.3214328,20260620T102853.159158Z,Alice,2,25.0,"[0.0, 0.0, 25.0, 0.0, 0.0, 0.0, 0.0, 0.0]",-0.011614401858304296,-0.047619047619047616,0.024390243902439025,0.5058072009291521,0.5238095238095238,0.4878048780487805,83,4913,8,13,9,12,10,6,14,11,43900.001525878906,36099.998474121094,38900.001525878906,35200.00076293945,35700.00076293945,3700.000047683716,35200.00076293945,38900.001525878906
1781951363.3719692,20260620T102909.190879Z,Alice,2,30.0,"[0.0, 0.0, 30.0, 0.0, 0.0, 0.0, 0.0, 0.0]",0.00821256038647343,0.2608695652173913,-0.24444444444444444,0.4958937198067633,0.3695652173913043,0.6222222222222222,91,4910,14,12,5,15,7,5,23,10,39299.99923706055,36000.0,-500200.01220703125,35400.001525878906,35700.00076293945,286100.0061035156,35500.0,39000.0
1781951379.4774978,20260620T102925.345215Z,Alice,2,35.0,"[0.0, 0.0, 35.0, 0.0, 0.0, 0.0, 0.0, 0.0]",0.04444444444444445,0.2,-0.1111111111111111,0.4777777777777778,0.4,0.5555555555555556,76,4912,9,10,6,15,9,6,14,7,39500.0,-373600.0061035156,26600.000381469727,35500.0,35700.00076293945,-490899.9938964844,35200.00076293945,-403000.0
1781951395.464769,20260620T102941.335102Z,Alice,2,40.0,"[0.0, 0.0, 40.0, 0.0, 0.0, 0.0, 0.0, 0.0]",0.1747448979591837,0.22448979591836735,0.125,0.41262755102040816,0.3877551020408163,0.4375,81,4915,20,11,8,10,11,8,6,7,39599.998474121094,-32000.0,-112900.0015258789,35200.00076293945,-130300.00305175781,39200.00076293945,35400.001525878906,-119800.00305175781
1781951411.4728606,20260620T102957.284284Z,Alice,2,45.0,"[0.0, 0.0, 45.0, 0.0, 0.0, 0.0, 0.0, 0.0]",-0.04878048780487806,0.07317073170731707,-0.17073170731707318,0.524390243902439,0.4634146341463415,0.5853658536585366,82,4913,15,11,8,7,5,14,10,12,39900.001525878906,281399.9938964844,-454000.0,35299.99923706055,500.0,38700.00076293945,35200.00076293945,39099.998474121094
1781951427.4958675,20260620T103013.314846Z,Alice,2,50.0,"[0.0, 0.0, 50.0, 0.0, 0.0, 0.0, 0.0, 0.0]",-0.04528061224489796,0.3469387755102041,-0.4375,0.5226403061224489,0.32653061224489793,0.71875,81,4913,25,10,6,8,5,18,5,4,39500.0,-136500.0,-481600.0061035156,-20200.000762939453,161100.00610351562,39000.0,-185300.0030517578,218199.9969482422
1781951443.6029475,20260620T103029.346814Z,Alice,2,55.0,"[0.0, 0.0, 55.0, 0.0, 0.0, 0.0, 0.0, 0.0]",0.002564102564102569,0.13333333333333333,-0.1282051282051282,0.4987179487179487,0.43333333333333335,0.5641025641025641,99,4913,29,14,12,5,9,16,6,8,39799.99923706055,61599.998474121094,39299.99923706055,-202800.0030517578,36200.00076293945,39599.998474121094,-342500.0,38299.99923706055
1781951459.6585028,20260620T103045.485164Z,Alice,2,60.0,"[0.0, 0.0, 60.0, 0.0, 0.0, 0.0, 0.0, 0.0]",0.03968253968253968,0.07936507936507936,0.0,0.4801587301587301,0.4603174603174603,0.5,115,4913,28,15,14,6,12,20,6,14,39599.998474121094,35299.99923706055,39000.0,-16000.0,35400.001525878906,38799.99923706055,-56000.0,38799.99923706055
1781951475.7526948,20260620T103101.516285Z,Alice,2,65.0,"[0.0, 0.0, 65.0, 0.0, 0.0, 0.0, 0.0, 0.0]",-0.029411764705882353,0.0,-0.058823529411764705,0.5147058823529411,0.5,0.5294117647058824,117,4914,25,19,14,8,12,21,6,12,39299.99923706055,35599.998474121094,39099.998474121094,-427700.01220703125,35700.00076293945,39000.0,-147199.9969482422,39099.998474121094
1781951491.739344,20260620T103117.557503Z,Alice,2,70.0,"[0.0, 0.0, 70.0, 0.0, 0.0, 0.0, 0.0, 0.0]",-0.05079365079365078,-0.2571428571428571,0.15555555555555556,0.5253968253968254,0.6285714285714286,0.4222222222222222,115,4914,18,24,20,8,11,10,9,15,39700.00076293945,35500.0,39299.99923706055,350299.98779296875,35700.00076293945,39500.0,35299.99923706055,39000.0
1781951507.7183435,20260620T103133.571496Z,Alice,2,75.0,"[0.0, 0.0, 75.0, 0.0, 0.0, 0.0, 0.0, 0.0]",-0.10060240963855423,-0.30120481927710846,0.1,0.5503012048192771,0.6506024096385542,0.45,143,4913,18,34,20,11,16,17,10,17,40000.0,35500.0,39200.00076293945,35400.001525878906,35400.001525878906,38900.001525878906,-46000.0,38500.0
1781951523.717785,20260620T103149.584868Z,Alice,2,80.0,"[0.0, 0.0, 80.0, 0.0, 0.0, 0.0, 0.0, 0.0]",0.029701060752169717,-0.3176470588235294,0.3770491803278688,0.48514946962391514,0.6588235294117647,0.3114754098360656,146,4913,18,36,20,11,26,13,6,16,39900.001525878906,35500.0,39799.99923706055,35500.0,35799.99923706055,39500.0,35200.00076293945,38900.001525878906
1781951539.826244,20260620T103205.583220Z,Alice,2,85.0,"[0.0, 0.0, 85.0, 0.0, 0.0, 0.0, 0.0, 0.0]",0.0641884091433849,-0.18309859154929578,0.3114754098360656,0.46790579542830757,0.5915492957746479,0.3442622950819672,132,4914,13,26,16,16,26,7,14,14,40099.998474121094,35400.001525878906,39099.998474121094,35099.998474121094,35299.99923706055,38900.001525878906,35200.00076293945,39000.0
1781951555.9798024,20260620T103221.734566Z,Alice,2,90.0,"[0.0, 0.0, 90.0, 0.0, 0.0, 0.0, 0.0, 0.0]",-0.023609226594301216,-0.2835820895522388,0.23636363636363636,0.5118046132971505,0.6417910447761194,0.38181818181818183,122,4914,10,23,20,14,21,8,13,13,76900.0015258789,35400.001525878906,39500.0,35200.00076293945,35400.001525878906,39000.0,35200.00076293945,38900.001525878906
1781951571.965103,20260620T103237.838212Z,Alice,2,95.0,"[0.0, 0.0, 95.0, 0.0, 0.0, 0.0, 0.0, 0.0]",0.13333333333333333,0.26666666666666666,0.0,0.43333333333333335,0.36666666666666664,0.5,106,4913,12,11,11,26,16,8,15,7,111800.00305175781,35500.0,39500.0,35500.0,35799.99923706055,-39000.0,35500.0,38500.0
1781951587.9728925,20260620T103253.792135Z,Alice,2,100.0,"[0.0, 0.0, 100.0, 0.0, 0.0, 0.0, 0.0, 0.0]",0.1310096153846154,0.23076923076923078,0.03125,0.4344951923076923,0.38461538461538464,0.484375,129,4915,13,15,10,27,23,9,22,10,-50400.001525878906,35700.00076293945,39799.99923706055,35400.001525878906,35700.00076293945,39200.00076293945,35200.00076293945,38799.99923706055
1781951603.8835437,20260620T103309.789767Z,Alice,2,105.0,"[0.0, 0.0, 105.0, 0.0, 0.0, 0.0, 0.0, 0.0]",0.11923076923076924,0.2,0.038461538461538464,0.4403846153846154,0.4,0.4807692307692308,102,4910,12,10,10,18,13,7,18,14,-102000.0,35500.0,39099.998474121094,35099.998474121094,35700.00076293945,-253300.0030517578,35500.0,39000.0
1781951619.8708405,20260620T103325.754642Z,Alice,2,110.0,"[0.0, 0.0, 110.0, 0.0, 0.0, 0.0, 0.0, 0.0]",0.15441176470588236,0.25,0.058823529411764705,0.4227941176470588,0.375,0.47058823529411764,74,4915,10,9,6,15,8,6,10,10,-286799.98779296875,-391500.0,32799.99923706055,35599.998474121094,35900.001525878906,359299.98779296875,35200.00076293945,38500.0
1781951635.8819315,20260620T103341.713916Z,Alice,2,115.0,"[0.0, 0.0, 115.0, 0.0, 0.0, 0.0, 0.0, 0.0]",-0.08719851576994435,0.09090909090909091,-0.2653061224489796,0.5435992578849722,0.45454545454545453,0.6326530612244898,93,4914,12,11,9,12,12,11,20,6,39700.00076293945,-38400.001525878906,480700.01220703125,35500.0,35500.0,39000.0,35500.0,39000.0
1781951651.860027,20260620T103357.758975Z,Alice,2,120.0,"[0.0, 0.0, 120.0, 0.0, 0.0, 0.0, 0.0, 0.0]",-0.07830551989730422,0.3170731707317073,-0.47368421052631576,0.5391527599486521,0.34146341463414637,0.7368421052631579,79,4915,14,8,6,13,6,10,18,4,40000.0,-52700.00076293945,-394799.98779296875,35599.998474121094,35299.99923706055,39400.001525878906,35000.0,-110300.00305175781
1781951667.8942606,20260620T103413.695186Z,Alice,2,125.0,"[0.0, 0.0, 125.0, 0.0, 0.0, 0.0, 0.0, 0.0]",-0.03152492668621702,0.22727272727272727,-0.2903225806451613,0.5157624633431085,0.38636363636363635,0.6451612903225806,75,4915,19,13,4,8,6,11,9,5,39400.001525878906,-111400.0015258789,70300.00305175781,35700.00076293945,-177699.9969482422,39000.0,35400.001525878906,510200.01220703125
1781951683.8785846,20260620T103429.737002Z,Alice,2,130.0,"[0.0, 0.0, 130.0, 0.0, 0.0, 0.0, 0.0, 0.0]",-0.0640096618357488,0.2608695652173913,-0.3888888888888889,0.5320048309178744,0.3695652173913043,0.6944444444444444,82,4914,21,11,6,8,4,14,11,7,39500.0,259799.98779296875,-324700.01220703125,-378000.0,35500.0,38799.99923706055,35400.001525878906,38500.0
1781951699.8292475,20260620T103445.733008Z,Alice,3,0.0,"[0.0, 0.0, 0.0, 0.0, 0.0, 0.0, 0.0, 0.0]",-0.07738095238095237,-0.3333333333333333,0.17857142857142858,0.5386904761904762,0.6666666666666666,0.4107142857142857,137,4914,10,28,26,17,22,8,15,11,39900.001525878906,35500.0,39500.0,35299.99923706055,35500.0,39000.0,35400.001525878906,38900.001525878906
1781951715.752469,20260620T103501.658058Z,Alice,3,5.0,"[0.0, 0.0, 0.0, 5.0, 0.0, 0.0, 0.0, 0.0]",0.06009244992295838,-0.15254237288135594,0.2727272727272727,0.4699537750385208,0.576271186440678,0.36363636363636365,114,4914,13,14,20,12,20,9,11,15,-193800.0030517578,35700.00076293945,39400.001525878906,35200.00076293945,35799.99923706055,38900.001525878906,35500.0,39000.0
1781951731.7063947,20260620T103517.566924Z,Alice,3,10.0,"[0.0, 0.0, 0.0, 10.0, 0.0, 0.0, 0.0, 0.0]",-0.06186204763377668,-0.18032786885245902,0.05660377358490566,0.5309310238168883,0.5901639344262295,0.4716981132075472,114,4914,8,16,20,17,17,16,9,11,40099.998474121094,35700.00076293945,39299.99923706055,35299.99923706055,35400.001525878906,39400.001525878906,35400.001525878906,38700.00076293945
1781951747.6867812,20260620T103533.557758Z,Alice,3,15.0,"[0.0, 0.0, 0.0, 15.0, 0.0, 0.0, 0.0, 0.0]",-0.017460317460317454,-0.30158730158730157,0.26666666666666666,0.5087301587301587,0.6507936507936508,0.36666666666666664,123,4913,9,21,20,13,25,15,7,13,39400.001525878906,35400.001525878906,39500.0,35500.0,35900.001525878906,39099.998474121094,34799.99923706055,38599.998474121094
1781951763.6557846,20260620T103549.506845Z,Alice,3,20.0,"[0.0, 0.0, 0.0, 20.0, 0.0, 0.0, 0.0, 0.0]",-0.0029850746268656747,-0.2,0.19402985074626866,0.5014925373134328,0.6,0.40298507462686567,127,4913,10,18,18,14,25,19,8,15,39700.00076293945,35700.00076293945,39700.00076293945,35500.0,35700.00076293945,38700.00076293945,35500.0,38700.00076293945
1781951779.6731575,20260620T103605.510651Z,Alice,3,25.0,"[0.0, 0.0, 0.0, 25.0, 0.0, 0.0, 0.0, 0.0]",0.027853260869565216,0.08695652173913043,-0.03125,0.4860733695652174,0.45652173913043476,0.515625,110,4913,12,9,12,13,16,26,7,15,39900.001525878906,35700.00076293945,39099.998474121094,35099.998474121094,35400.001525878906,39099.998474121094,35299.99923706055,38799.99923706055
1781951795.6936224,20260620T103621.504578Z,Alice,3,30.0,"[0.0, 0.0, 0.0, 30.0, 0.0, 0.0, 0.0, 0.0]",-0.11538461538461539,0.0,-0.23076923076923078,0.5576923076923077,0.5,0.6153846153846154,102,4914,10,8,17,15,14,20,12,6,39799.99923706055,35900.001525878906,39299.99923706055,35200.00076293945,35500.0,39299.99923706055,34900.001525878906,38299.99923706055
1781951811.6935678,20260620T103637.536106Z,Alice,3,35.0,"[0.0, 0.0, 0.0, 35.0, 0.0, 0.0, 0.0, 0.0]",-0.040769230769230766,0.038461538461538464,-0.12,0.5203846153846154,0.4807692307692308,0.56,102,4915,12,6,19,15,13,22,6,9,39799.99923706055,194300.0030517578,39599.998474121094,35500.0,35500.0,38900.001525878906,35500.0,38700.00076293945
1781951827.7267027,20260620T103653.547537Z,Alice,3,40.0,"[0.0, 0.0, 0.0, 40.0, 0.0, 0.0, 0.0, 0.0]",-0.13222789115646258,0.041666666666666664,-0.30612244897959184,0.5661139455782312,0.4791666666666667,0.6530612244897959,97,4914,13,9,14,12,8,20,12,9,39599.998474121094,-102300.00305175781,39599.998474121094,35599.998474121094,35700.00076293945,39200.00076293945,35000.0,39000.0
1781951843.7043166,20260620T103709.577875Z,Alice,3,45.0,"[0.0, 0.0, 0.0, 45.0, 0.0, 0.0, 0.0, 0.0]",-0.15789473684210525,-0.05263157894736842,-0.2631578947368421,0.5789473684210527,0.5263157894736842,0.631578947368421,95,4913,14,9,21,13,8,15,9,6,39799.99923706055,35799.99923706055,39500.0,35200.00076293945,35299.99923706055,39200.00076293945,35599.998474121094,38799.99923706055
1781951859.676855,20260620T103725.541624Z,Alice,3,50.0,"[0.0, 0.0, 0.0, 50.0, 0.0, 0.0, 0.0, 0.0]",-0.09752747252747254,0.03571428571428571,-0.23076923076923078,0.5487637362637363,0.48214285714285715,0.6153846153846154,108,4915,16,13,14,13,6,17,15,14,39799.99923706055,35700.00076293945,39299.99923706055,35200.00076293945,35500.0,39200.00076293945,35000.0,38500.0
1781951875.6584718,20260620T103741.545684Z,Alice,3,55.0,"[0.0, 0.0, 0.0, 55.0, 0.0, 0.0, 0.0, 0.0]",-0.007662835249042141,0.20689655172413793,-0.2222222222222222,0.5038314176245211,0.39655172413793105,0.6111111111111112,94,4914,24,7,16,11,2,10,12,12,39400.001525878906,-102199.99694824219,39400.001525878906,35200.00076293945,210600.00610351562,39000.0,35700.00076293945,39099.998474121094
1781951891.6979828,20260620T103757.504277Z,Alice,3,60.0,"[0.0, 0.0, 0.0, 60.0, 0.0, 0.0, 0.0, 0.0]",-0.08333333333333333,0.0,-0.16666666666666666,0.5416666666666667,0.5,0.5833333333333334,104,4915,17,15,19,17,4,8,13,11,39799.99923706055,36000.0,39400.001525878906,35099.998474121094,48700.00076293945,39299.99923706055,35299.99923706055,38799.99923706055
1781951907.6305594,20260620T103813.530652Z,Alice,3,65.0,"[0.0, 0.0, 0.0, 65.0, 0.0, 0.0, 0.0, 0.0]",-0.03890362511052166,-0.10344827586206896,0.02564102564102564,0.5194518125552609,0.5517241379310345,0.48717948717948717,97,4912,18,18,14,8,6,7,12,14,39500.0,35700.00076293945,39599.998474121094,35700.00076293945,35900.001525878906,39400.001525878906,35000.0,38900.001525878906
1781951923.7112195,20260620T103829.474304Z,Alice,3,70.0,"[0.0, 0.0, 0.0, 70.0, 0.0, 0.0, 0.0, 0.0]",0.07352941176470588,-0.029411764705882353,0.17647058823529413,0.463235294117647,0.5147058823529411,0.4117647058823529,102,4915,22,18,17,11,7,3,11,13,39900.001525878906,35700.00076293945,39500.0,35299.99923706055,35299.99923706055,-455100.0061035156,35299.99923706055,39000.0
1781951939.7347698,20260620T103845.578953Z,Alice,3,75.0,"[0.0, 0.0, 0.0, 75.0, 0.0, 0.0, 0.0, 0.0]",0.0658964484381686,-0.08771929824561403,0.21951219512195122,0.4670517757809157,0.543859649122807,0.3902439024390244,98,4915,15,20,11,11,9,4,12,16,39500.0,35799.99923706055,39099.998474121094,35200.00076293945,35599.998474121094,38700.00076293945,35299.99923706055,39099.998474121094
1781951955.6935382,20260620T103901.573722Z,Alice,3,80.0,"[0.0, 0.0, 0.0, 80.0, 0.0, 0.0, 0.0, 0.0]",-0.06818181818181818,-0.22727272727272727,0.09090909090909091,0.5340909090909091,0.6136363636363636,0.45454545454545453,121,4911,16,35,19,18,8,5,10,10,39400.001525878906,35700.00076293945,39400.001525878906,35000.0,35799.99923706055,39000.0,35099.998474121094,38799.99923706055
1781951971.7163875,20260620T103917.512035Z,Alice,3,85.0,"[0.0, 0.0, 0.0, 85.0, 0.0, 0.0, 0.0, 0.0]",-0.05560032232070909,-0.2876712328767123,0.17647058823529413,0.5278001611603546,0.6438356164383562,0.4117647058823529,107,4913,15,33,14,11,12,7,7,8,39500.0,35599.998474121094,39200.00076293945,35500.0,35700.00076293945,39299.99923706055,35599.998474121094,38599.998474121094
1781951987.675808,20260620T103933.545542Z,Alice,3,90.0,"[0.0, 0.0, 0.0, 90.0, 0.0, 0.0, 0.0, 0.0]",0.00219780219780219,-0.13846153846153847,0.14285714285714285,0.4989010989010989,0.5692307692307692,0.42857142857142855,114,4916,8,28,9,20,15,12,9,13,-179600.00610351562,35500.0,39500.0,35200.00076293945,35599.998474121094,39400.001525878906,34900.001525878906,38599.998474121094
1781952003.62558,20260620T103949.505390Z,Alice,3,95.0,"[0.0, 0.0, 0.0, 95.0, 0.0, 0.0, 0.0, 0.0]",-0.018578878748370276,-0.15254237288135594,0.11538461538461539,0.5092894393741851,0.576271186440678,0.4423076923076923,111,4915,11,22,12,14,19,11,12,10,40000.0,35500.0,39500.0,35099.998474121094,35500.0,38900.001525878906,35400.001525878906,38700.00076293945
1781952019.6252034,20260620T104005.482499Z,Alice,3,100.0,"[0.0, 0.0, 0.0, 100.0, 0.0, 0.0, 0.0, 0.0]",-0.000746547219111604,-0.19298245614035087,0.19148936170212766,0.5003732736095557,0.5964912280701754,0.40425531914893614,104,4915,7,22,12,16,18,15,4,10,39400.001525878906,35700.00076293945,39099.998474121094,35400.001525878906,35400.001525878906,38900.001525878906,35299.99923706055,38599.998474121094
1781952035.6746206,20260620T104021.495210Z,Alice,3,105.0,"[0.0, 0.0, 0.0, 105.0, 0.0, 0.0, 0.0, 0.0]",0.015250544662309379,-0.18518518518518517,0.21568627450980393,0.49237472766884527,0.5925925925925926,0.39215686274509803,105,4914,10,13,19,12,21,14,6,10,39700.00076293945,35400.001525878906,39400.001525878906,35099.998474121094,35500.0,39099.998474121094,35200.00076293945,39000.0
1781952051.6650374,20260620T104037.516917Z,Alice,3,110.0,"[0.0, 0.0, 0.0, 110.0, 0.0, 0.0, 0.0, 0.0]",0.059322033898305086,0.0,0.11864406779661017,0.4703389830508474,0.5,0.4406779661016949,121,4914,13,15,16,18,25,16,10,8,39599.998474121094,35900.001525878906,39200.00076293945,35299.99923706055,35599.998474121094,38799.99923706055,35000.0,39099.998474121094
1781952067.6463566,20260620T104053.517333Z,Alice,3,115.0,"[0.0, 0.0, 0.0, 115.0, 0.0, 0.0, 0.0, 0.0]",0.013802622498274672,-0.015873015873015872,0.043478260869565216,0.49309868875086266,0.5079365079365079,0.4782608695652174,132,4914,15,11,21,16,27,24,9,9,39599.998474121094,35799.99923706055,39400.001525878906,35200.00076293945,35599.998474121094,38799.99923706055,34900.001525878906,39200.00076293945
1781952083.6011953,20260620T104109.490575Z,Alice,3,120.0,"[0.0, 0.0, 0.0, 120.0, 0.0, 0.0, 0.0, 0.0]",0.053571428571428575,0.25,-0.14285714285714285,0.4732142857142857,0.375,0.5714285714285714,127,4914,22,10,14,18,14,20,16,13,39500.0,35200.00076293945,39799.99923706055,35000.0,35200.00076293945,38900.001525878906,35599.998474121094,38599.998474121094
1781952099.6260092,20260620T104125.428213Z,Alice,3,125.0,"[0.0, 0.0, 0.0, 125.0, 0.0, 0.0, 0.0, 0.0]",0.1271186440677966,0.2542372881355932,0.0,0.4364406779661017,0.3728813559322034,0.5,123,4916,19,8,14,18,15,17,15,17,39799.99923706055,34700.00076293945,39500.0,35099.998474121094,35900.001525878906,39200.00076293945,35500.0,38700.00076293945
1781952115.7553089,20260620T104141.458122Z,Alice,3,130.0,"[0.0, 0.0, 0.0, 130.0, 0.0, 0.0, 0.0, 0.0]",-0.021428571428571422,0.1,-0.14285714285714285,0.5107142857142857,0.45,0.5714285714285714,109,4917,18,9,18,15,10,15,13,11,39400.001525878906,35599.998474121094,39200.00076293945,35299.99923706055,35500.0,39099.998474121094,35400.001525878906,38799.99923706055
1781952131.7681105,20260620T104157.642961Z,Bob,0,0.0,"[0.0, 0.0, 0.0, 0.0, 0.0, 0.0, 0.0, 0.0]",-0.11169415292353824,-0.3103448275862069,0.08695652173913043,0.5558470764617691,0.6551724137931034,0.45652173913043476,104,4914,10,24,14,10,15,7,14,10,39700.00076293945,35299.99923706055,39700.00076293945,35200.00076293945,35700.00076293945,39299.99923706055,35700.00076293945,38700.00076293945
1781952147.7853913,20260620T104213.611587Z,Bob,0,5.0,"[0.0, 0.0, 0.0, 0.0, 5.0, 0.0, 0.0, 0.0]",0.016249999999999987,-0.28,0.3125,0.491875,0.64,0.34375,139,4913,8,30,18,19,21,5,17,21,39700.00076293945,35799.99923706055,39000.0,35400.001525878906,35299.99923706055,38700.00076293945,35299.99923706055,38599.998474121094
1781952163.8786159,20260620T104229.582206Z,Bob,0,10.0,"[0.0, 0.0, 0.0, 0.0, 10.0, 0.0, 0.0, 0.0]",0.031746031746031744,-0.2698412698412698,0.3333333333333333,0.4841269841269841,0.6349206349206349,0.3333333333333333,126,4913,9,23,17,14,22,7,14,20,-88000.0,35599.998474121094,39299.99923706055,35400.001525878906,35700.00076293945,465500.0,35099.998474121094,39000.0
1781952180.0437326,20260620T104245.768936Z,Bob,0,15.0,"[0.0, 0.0, 0.0, 0.0, 15.0, 0.0, 0.0, 0.0]",0.013605442176870763,-0.23809523809523808,0.2653061224489796,0.4931972789115646,0.6190476190476191,0.3673469387755102,112,4914,11,17,22,13,18,7,11,13,40200.00076293945,35700.00076293945,39599.998474121094,35299.99923706055,35500.0,39099.998474121094,35299.99923706055,38900.001525878906
1781952196.0467224,20260620T104301.860018Z,Bob,0,20.0,"[0.0, 0.0, 0.0, 0.0, 20.0, 0.0, 0.0, 0.0]",-0.1446862996158771,-0.38028169014084506,0.09090909090909091,0.5723431498079385,0.6901408450704225,0.45454545454545453,115,4914,11,24,25,11,12,7,13,12,39599.998474121094,35299.99923706055,39700.00076293945,35299.99923706055,36000.0,39200.00076293945,35200.00076293945,38599.998474121094
1781952212.1344252,20260620T104317.914643Z,Bob,0,25.0,"[0.0, 0.0, 0.0, 0.0, 25.0, 0.0, 0.0, 0.0]",0.03787878787878787,-0.24242424242424243,0.3181818181818182,0.4810606060606061,0.6212121212121212,0.3409090909090909,110,4908,11,21,20,14,19,8,7,10,39799.99923706055,35599.998474121094,39299.99923706055,35200.00076293945,35799.99923706055,38799.99923706055,35000.0,39000.0
1781952228.1832561,20260620T104333.949994Z,Bob,0,30.0,"[0.0, 0.0, 0.0, 0.0, 30.0, 0.0, 0.0, 0.0]",-0.10303030303030303,-0.2727272727272727,0.06666666666666667,0.5515151515151515,0.6363636363636364,0.4666666666666667,111,4913,12,23,19,12,14,9,12,10,39200.00076293945,35400.001525878906,39299.99923706055,35299.99923706055,35599.998474121094,39000.0,35000.0,38400.001525878906
1781952244.1986556,20260620T104350.020417Z,Bob,0,35.0,"[0.0, 0.0, 0.0, 0.0, 35.0, 0.0, 0.0, 0.0]",0.0037634408602150587,-0.22580645161290322,0.23333333333333334,0.4981182795698925,0.6129032258064516,0.38333333333333336,122,4913,14,27,11,10,17,5,18,20,40000.0,35700.00076293945,39599.998474121094,35200.00076293945,35599.998474121094,39099.998474121094,35299.99923706055,39099.998474121094
1781952260.3205223,20260620T104406.047840Z,Bob,0,40.0,"[0.0, 0.0, 0.0, 0.0, 40.0, 0.0, 0.0, 0.0]",0.10426356589147287,-0.23333333333333334,0.4418604651162791,0.4478682170542636,0.6166666666666667,0.27906976744186046,103,4913,13,20,17,10,18,6,6,13,40200.00076293945,35500.0,39700.00076293945,35200.00076293945,35900.001525878906,38700.00076293945,35599.998474121094,38900.001525878906
1781952276.352837,20260620T104422.155408Z,Bob,0,45.0,"[0.0, 0.0, 0.0, 0.0, 45.0, 0.0, 0.0, 0.0]",0.0063775510204081565,-0.375,0.3877551020408163,0.4968112244897959,0.6875,0.30612244897959184,113,4914,8,24,20,12,19,6,9,15,39900.001525878906,35400.001525878906,39400.001525878906,35400.001525878906,35799.99923706055,-419600.0061035156,35299.99923706055,38700.00076293945
1781952292.3853378,20260620T104438.176736Z,Bob,0,50.0,"[0.0, 0.0, 0.0, 0.0, 50.0, 0.0, 0.0, 0.0]",0.07366071428571427,-0.28125,0.42857142857142855,0.46316964285714285,0.640625,0.2857142857142857,106,4914,10,24,17,13,18,3,9,12,-470100.0061035156,35400.001525878906,39400.001525878906,35299.99923706055,35900.001525878906,-383100.0061035156,35500.0,38700.00076293945
1781952308.4996212,20260620T104454.234749Z,Bob,0,55.0,"[0.0, 0.0, 0.0, 0.0, 55.0, 0.0, 0.0, 0.0]",-0.04734848484848485,-0.30303030303030304,0.20833333333333334,0.5236742424242424,0.6515151515151515,0.3958333333333333,114,4910,10,24,19,13,14,8,11,15,39700.00076293945,35700.00076293945,39299.99923706055,35200.00076293945,35400.001525878906,273899.9938964844,35200.00076293945,39099.998474121094
1781952324.6260402,20260620T104510.416766Z,Bob,0,60.0,"[0.0, 0.0, 0.0, 0.0, 60.0, 0.0, 0.0, 0.0]",-0.06596701649175413,-0.30434782608695654,0.1724137931034483,0.532983508245877,0.6521739130434783,0.41379310344827586,127,4915,8,25,20,16,17,10,14,17,-40400.001525878906,35400.001525878906,39299.99923706055,35200.00076293945,35400.001525878906,38900.001525878906,34900.001525878906,38900.001525878906
1781952340.6993518,20260620T104526.459138Z,Bob,0,65.0,"[0.0, 0.0, 0.0, 0.0, 65.0, 0.0, 0.0, 0.0]",-0.12138188608776843,-0.30158730158730157,0.058823529411764705,0.5606909430438842,0.6507936507936508,0.47058823529411764,131,4914,6,23,18,16,19,10,22,17,66300.00305175781,35500.0,39400.001525878906,35000.0,35299.99923706055,12300.000190734863,35099.998474121094,39099.998474121094
1781952356.763526,20260620T104542.554227Z,Bob,0,70.0,"[0.0, 0.0, 0.0, 0.0, 70.0, 0.0, 0.0, 0.0]",0.0941968040370059,-0.12195121951219512,0.3103448275862069,0.4529015979814971,0.5609756097560976,0.3448275862068966,140,4910,12,29,17,24,24,5,15,14,-390700.01220703125,35700.00076293945,39599.998474121094,35299.99923706055,35700.00076293945,219199.9969482422,35200.00076293945,38599.998474121094
1781952372.7630024,20260620T104558.573015Z,Bob,0,75.0,"[0.0, 0.0, 0.0, 0.0, 75.0, 0.0, 0.0, 0.0]",-0.10793650793650793,-0.23809523809523808,0.022222222222222223,0.553968253968254,0.6190476190476191,0.4888888888888889,108,4913,10,24,15,14,13,6,16,10,39900.001525878906,35599.998474121094,39299.99923706055,35099.998474121094,35700.00076293945,-158100.00610351562,35500.0,38599.998474121094
1781952388.85146,20260620T104614.633935Z,Bob,0,80.0,"[0.0, 0.0, 0.0, 0.0, 80.0, 0.0, 0.0, 0.0]",-0.11219336219336218,-0.2698412698412698,0.045454545454545456,0.5560966810966811,0.6349206349206349,0.4772727272727273,107,4914,13,23,17,10,12,7,14,11,39599.998474121094,35599.998474121094,39599.998474121094,35299.99923706055,35599.998474121094,67400.0015258789,35099.998474121094,39000.0
1781952404.8395429,20260620T104630.650480Z,Bob,0,85.0,"[0.0, 0.0, 0.0, 0.0, 85.0, 0.0, 0.0, 0.0]",-0.016441005802707936,-0.18181818181818182,0.14893617021276595,0.508220502901354,0.5909090909090909,0.425531914893617,113,4914,10,26,13,17,14,5,15,13,39700.00076293945,35400.001525878906,39400.001525878906,35200.00076293945,35500.0,-475000.0,35299.99923706055,39099.998474121094
1781952420.8806722,20260620T104646.665611Z,Bob,0,90.0,"[0.0, 0.0, 0.0, 0.0, 90.0, 0.0, 0.0, 0.0]",0.03519668737060041,-0.07246376811594203,0.14285714285714285,0.4824016563146998,0.5362318840579711,0.42857142857142855,111,4915,17,23,14,15,15,7,11,9,40000.0,35500.0,39599.998474121094,35200.00076293945,35799.99923706055,-7500.0,35599.998474121094,39000.0
1781952436.9575489,20260620T104702.736683Z,Bob,0,95.0,"[0.0, 0.0, 0.0, 0.0, 95.0, 0.0, 0.0, 0.0]",0.024615384615384622,-0.23076923076923078,0.28,0.4876923076923077,0.6153846153846154,0.36,115,4915,8,26,14,17,23,7,11,9,-86000.0,35299.99923706055,39400.001525878906,35500.0,35700.00076293945,-202699.9969482422,35400.001525878906,38700.00076293945
1781952453.0515068,20260620T104718.834827Z,Bob,0,100.0,"[0.0, 0.0, 0.0, 0.0, 100.0, 0.0, 0.0, 0.0]",-0.01830398517145504,-0.2289156626506024,0.19230769230769232,0.5091519925857275,0.6144578313253012,0.40384615384615385,135,4909,14,35,16,18,16,8,13,15,-371399.9938964844,35400.001525878906,39299.99923706055,35299.99923706055,35700.00076293945,38700.00076293945,35099.998474121094,39200.00076293945
1781952469.080637,20260620T104734.890634Z,Bob,0,105.0,"[0.0, 0.0, 0.0, 0.0, 105.0, 0.0, 0.0, 0.0]",0.025753585016095995,-0.16417910447761194,0.21568627450980393,0.48712320749195204,0.582089552238806,0.39215686274509803,118,4914,12,19,20,16,15,6,14,16,39700.00076293945,35599.998474121094,39099.998474121094,35299.99923706055,35799.99923706055,86199.99694824219,35400.001525878906,38500.0
1781952485.188232,20260620T104750.916730Z,Bob,0,110.0,"[0.0, 0.0, 0.0, 0.0, 110.0, 0.0, 0.0, 0.0]",0.07367044463818659,-0.25806451612903225,0.40540540540540543,0.4631647776809067,0.6290322580645161,0.2972972972972973,99,4917,8,21,18,15,14,5,6,12,39400.001525878906,35400.001525878906,39599.998474121094,35000.0,35700.00076293945,-524700.0122070312,35700.00076293945,38599.998474121094
1781952501.2993088,20260620T104807.051371Z,Bob,0,115.0,"[0.0, 0.0, 0.0, 0.0, 115.0, 0.0, 0.0, 0.0]",-0.08001265022137888,-0.25806451612903225,0.09803921568627451,0.5400063251106895,0.6290322580645161,0.45098039215686275,113,4913,9,18,21,14,11,5,18,17,-90099.9984741211,35799.99923706055,39500.0,35099.998474121094,35500.0,-334799.98779296875,35099.998474121094,38799.99923706055
1781952517.3069713,20260620T104823.135195Z,Bob,0,120.0,"[0.0, 0.0, 0.0, 0.0, 120.0, 0.0, 0.0, 0.0]",0.0007501875468867297,-0.16129032258064516,0.16279069767441862,0.49962490622655664,0.5806451612903226,0.4186046511627907,105,4909,7,20,16,19,8,8,10,17,39799.99923706055,35700.00076293945,39400.001525878906,35000.0,35400.001525878906,186500.0,35200.00076293945,39000.0
1781952533.348581,20260620T104839.206676Z,Bob,0,125.0,"[0.0, 0.0, 0.0, 0.0, 125.0, 0.0, 0.0, 0.0]",-0.03359497645211931,-0.16923076923076924,0.10204081632653061,0.5167974882260596,0.5846153846153846,0.4489795918367347,114,4914,14,22,16,13,14,5,17,13,-366000.0,36000.0,39700.00076293945,35400.001525878906,35700.00076293945,-125099.9984741211,35200.00076293945,39099.998474121094
1781952549.469163,20260620T104855.233051Z,Bob,0,130.0,"[0.0, 0.0, 0.0, 0.0, 130.0, 0.0, 0.0, 0.0]",0.011198945981554687,-0.15942028985507245,0.18181818181818182,0.49440052700922266,0.5797101449275363,0.4090909090909091,113,4913,15,25,15,14,12,5,13,14,40000.0,35700.00076293945,39000.0,35599.998474121094,35700.00076293945,325399.9938964844,35200.00076293945,38799.99923706055
1781952565.3955534,20260620T104911.295953Z,Bob,1,0.0,"[0.0, 0.0, 0.0, 0.0, 0.0, 0.0, 0.0, 0.0]",-0.18220140515222483,-0.2786885245901639,-0.08571428571428572,0.5911007025761124,0.639344262295082,0.5428571428571428,96,4909,11,28,11,11,13,7,12,3,39599.998474121094,35799.99923706055,39200.00076293945,35799.99923706055,35500.0,39000.0,35599.998474121094,39200.00076293945
1781952581.3762643,20260620T104927.235654Z,Bob,1,5.0,"[0.0, 0.0, 0.0, 0.0, 0.0, 5.0, 0.0, 0.0]",0.051282051282051266,-0.23076923076923078,0.3333333333333333,0.47435897435897434,0.6153846153846154,0.3333333333333333,116,4908,11,19,21,14,15,7,10,19,39900.001525878906,35700.00076293945,39299.99923706055,35299.99923706055,35900.001525878906,39500.0,35000.0,38500.0
1781952598.453511,20260620T104943.206706Z,Bob,1,10.0,"[0.0, 0.0, 0.0, 0.0, 0.0, 10.0, 0.0, 0.0]",0.04444444444444445,-0.1111111111111111,0.2,0.4777777777777778,0.5555555555555556,0.4,103,4915,12,20,15,16,16,6,10,8,39299.99923706055,35700.00076293945,39000.0,35400.001525878906,35400.001525878906,38799.99923706055,35400.001525878906,38900.001525878906
1781952614.633195,20260620T105000.330455Z,Bob,1,15.0,"[0.0, 0.0, 0.0, 0.0, 0.0, 15.0, 0.0, 0.0]",0.07647058823529412,-0.2,0.35294117647058826,0.46176470588235297,0.6,0.3235294117647059,89,4913,11,18,15,11,11,5,6,12,39299.99923706055,35500.0,39299.99923706055,35099.998474121094,35700.00076293945,-426000.0,35599.998474121094,39000.0
1781952631.761056,20260620T105016.455813Z,Bob,1,20.0,"[0.0, 0.0, 0.0, 0.0, 0.0, 20.0, 0.0, 0.0]",-0.013323182337266842,-0.323943661971831,0.2972972972972973,0.5066615911686334,0.6619718309859155,0.35135135135135137,108,4913,14,29,18,10,11,6,7,13,40000.0,35599.998474121094,39200.00076293945,35700.00076293945,35799.99923706055,39400.001525878906,35500.0,38500.0
1781952648.5484297,20260620T105033.681106Z,Bob,1,25.0,"[0.0, 0.0, 0.0, 0.0, 0.0, 25.0, 0.0, 0.0]",-0.07081807081807082,-0.2698412698412698,0.1282051282051282,0.5354090354090354,0.6349206349206349,0.4358974358974359,102,4915,10,26,14,13,11,6,11,11,39500.0,35700.00076293945,39900.001525878906,35000.0,35400.001525878906,39000.0,35500.0,38599.998474121094
1781952665.4424272,20260620T105050.454669Z,Bob,1,30.0,"[0.0, 0.0, 0.0, 0.0, 0.0, 30.0, 0.0, 0.0]",0.0873015873015873,-0.1111111111111111,0.2857142857142857,0.4563492063492064,0.5555555555555556,0.35714285714285715,105,4912,17,24,11,11,16,6,9,11,39599.998474121094,35700.00076293945,39299.99923706055,35000.0,35400.001525878906,39299.99923706055,35400.001525878906,39000.0
1781952682.2475095,20260620T105107.336849Z,Bob,1,35.0,"[0.0, 0.0, 0.0, 0.0, 0.0, 35.0, 0.0, 0.0]",0.040094339622641514,-0.16981132075471697,0.25,0.47995283018867924,0.5849056603773585,0.375,85,4909,10,20,11,12,9,5,7,11,39400.001525878906,35500.0,39700.00076293945,35400.001525878906,35500.0,39500.0,35500.0,38700.00076293945
1781952699.2477012,20260620T105124.171655Z,Bob,1,40.0,"[0.0, 0.0, 0.0, 0.0, 0.0, 40.0, 0.0, 0.0]",0.009090909090909094,-0.18181818181818182,0.2,0.4954545454545455,0.5909090909090909,0.4,106,4914,17,25,14,10,13,3,13,11,39599.998474121094,35500.0,39000.0,35799.99923706055,35299.99923706055,39599.998474121094,35299.99923706055,38599.998474121094
1781952716.0352488,20260620T105141.150801Z,Bob,1,45.0,"[0.0, 0.0, 0.0, 0.0, 0.0, 45.0, 0.0, 0.0]",-0.09047619047619047,-0.22857142857142856,0.047619047619047616,0.5452380952380953,0.6142857142857143,0.47619047619047616,112,4913,16,28,15,11,7,6,14,15,39700.00076293945,35799.99923706055,39200.00076293945,35500.0,35299.99923706055,39000.0,35400.001525878906,38799.99923706055
1781952732.878031,20260620T105157.934903Z,Bob,1,50.0,"[0.0, 0.0, 0.0, 0.0, 0.0, 50.0, 0.0, 0.0]",-0.007985257985257996,-0.24324324324324326,0.22727272727272727,0.503992628992629,0.6216216216216216,0.38636363636363635,118,4913,18,28,18,10,8,6,11,19,39700.00076293945,35700.00076293945,39299.99923706055,34799.99923706055,35799.99923706055,39099.998474121094,35500.0,38700.00076293945
1781952749.9694428,20260620T105214.796272Z,Bob,1,55.0,"[0.0, 0.0, 0.0, 0.0, 0.0, 55.0, 0.0, 0.0]",0.020801232665639463,-0.3220338983050847,0.36363636363636365,0.48959938366718025,0.6610169491525424,0.3181818181818182,103,4913,8,24,15,12,20,6,8,10,-222399.99389648438,35500.0,39599.998474121094,35500.0,35500.0,39200.00076293945,35299.99923706055,39000.0
1781952766.9359646,20260620T105231.912535Z,Bob,1,60.0,"[0.0, 0.0, 0.0, 0.0, 0.0, 60.0, 0.0, 0.0]",-0.09446693657219972,-0.3684210526315789,0.1794871794871795,0.5472334682860999,0.6842105263157895,0.41025641025641024,115,4914,11,30,22,13,14,7,9,9,88199.99694824219,35700.00076293945,39500.0,35400.001525878906,35799.99923706055,-450000.0,35599.998474121094,38700.00076293945
1781952783.8998716,20260620T105248.809562Z,Bob,1,65.0,"[0.0, 0.0, 0.0, 0.0, 0.0, 65.0, 0.0, 0.0]",-0.14642857142857144,-0.34285714285714286,0.05,0.5732142857142857,0.6714285714285714,0.475,110,4914,13,30,17,10,11,8,11,10,39599.998474121094,35799.99923706055,39299.99923706055,35400.001525878906,35400.001525878906,38700.00076293945,35299.99923706055,39099.998474121094
1781952800.7446907,20260620T105305.732081Z,Bob,1,70.0,"[0.0, 0.0, 0.0, 0.0, 0.0, 70.0, 0.0, 0.0]",-0.109375,-0.21875,0.0,0.5546875,0.609375,0.5,98,4914,16,24,15,9,10,7,10,7,39500.0,35799.99923706055,39500.0,35200.00076293945,35700.00076293945,39700.00076293945,35400.001525878906,39099.998474121094
1781952816.637131,20260620T105322.576804Z,Bob,1,75.0,"[0.0, 0.0, 0.0, 0.0, 0.0, 75.0, 0.0, 0.0]",-0.09574468085106383,-0.19148936170212766,0.0,0.5478723404255319,0.5957446808510638,0.5,87,4908,10,14,14,9,10,6,14,10,39799.99923706055,35700.00076293945,39400.001525878906,35200.00076293945,35299.99923706055,-256600.00610351562,35299.99923706055,38799.99923706055
1781952832.623506,20260620T105338.497827Z,Bob,1,80.0,"[0.0, 0.0, 0.0, 0.0, 0.0, 80.0, 0.0, 0.0]",-0.07671641791044777,-0.31343283582089554,0.16,0.5383582089552239,0.6567164179104478,0.42,117,4909,10,29,15,13,12,5,16,17,39700.00076293945,35700.00076293945,39200.00076293945,35500.0,36000.0,38900.001525878906,35099.998474121094,38700.00076293945
1781952848.664796,20260620T105354.493179Z,Bob,1,85.0,"[0.0, 0.0, 0.0, 0.0, 0.0, 85.0, 0.0, 0.0]",0.007692307692307693,-0.2923076923076923,0.3076923076923077,0.49615384615384617,0.6461538461538462,0.34615384615384615,117,4915,10,20,22,13,20,4,14,14,-50700.00076293945,35400.001525878906,39599.998474121094,35500.0,35700.00076293945,-2500.0,35599.998474121094,39099.998474121094
1781952864.719968,20260620T105410.496854Z,Bob,1,90.0,"[0.0, 0.0, 0.0, 0.0, 0.0, 90.0, 0.0, 0.0]",0.035425101214574914,-0.23684210526315788,0.3076923076923077,0.48228744939271256,0.618421052631579,0.34615384615384615,128,4909,13,26,21,16,18,5,13,16,19299.999237060547,35799.99923706055,39599.998474121094,35200.00076293945,35400.001525878906,38900.001525878906,35400.001525878906,39000.0
1781952880.7636755,20260620T105426.583798Z,Bob,1,95.0,"[0.0, 0.0, 0.0, 0.0, 0.0, 95.0, 0.0, 0.0]",-0.20588235294117646,-0.4117647058823529,0.0,0.6029411764705883,0.7058823529411765,0.5,101,4917,8,17,19,7,13,6,19,12,39900.001525878906,35700.00076293945,39500.0,35099.998474121094,35599.998474121094,70500.0,35200.00076293945,38599.998474121094
1781952896.7110782,20260620T105442.572894Z,Bob,1,100.0,"[0.0, 0.0, 0.0, 0.0, 0.0, 100.0, 0.0, 0.0]",0.08602150537634408,-0.16129032258064516,0.3333333333333333,0.456989247311828,0.5806451612903226,0.3333333333333333,101,4915,12,21,15,14,11,3,10,15,39599.998474121094,35500.0,39700.00076293945,35400.001525878906,35799.99923706055,4900.000095367432,35200.00076293945,38900.001525878906
1781952912.7270234,20260620T105458.561156Z,Bob,1,105.0,"[0.0, 0.0, 0.0, 0.0, 0.0, 105.0, 0.0, 0.0]",0.05735294117647058,-0.23529411764705882,0.35,0.4713235294117647,0.6176470588235294,0.325,108,4916,13,26,16,13,16,5,8,11,39799.99923706055,35500.0,39599.998474121094,35099.998474121094,35299.99923706055,-215399.99389648438,35500.0,38599.998474121094
1781952928.6661422,20260620T105514.552039Z,Bob,1,110.0,"[0.0, 0.0, 0.0, 0.0, 0.0, 110.0, 0.0, 0.0]",0.02118171683389075,-0.18840579710144928,0.23076923076923078,0.4894091415830546,0.5942028985507246,0.38461538461538464,108,4916,17,21,20,11,13,5,10,11,39500.0,35799.99923706055,39200.00076293945,34900.001525878906,35799.99923706055,260500.0,35500.0,38599.998474121094
1781952944.6478808,20260620T105530.492806Z,Bob,1,115.0,"[0.0, 0.0, 0.0, 0.0, 0.0, 115.0, 0.0, 0.0]",0.1611241217798595,-0.04918032786885246,0.37142857142857144,0.41943793911007027,0.5245901639344263,0.3142857142857143,96,4914,12,22,10,17,11,2,9,13,39599.998474121094,35500.0,39200.00076293945,35099.998474121094,35599.998474121094,-193800.0030517578,35099.998474121094,39099.998474121094
1781952960.595951,20260620T105546.512792Z,Bob,1,120.0,"[0.0, 0.0, 0.0, 0.0, 0.0, 120.0, 0.0, 0.0]",-0.00555555555555555,-0.1111111111111111,0.1,0.5027777777777778,0.5555555555555556,0.45,112,4916,17,22,18,15,12,4,14,10,39299.99923706055,35599.998474121094,39400.001525878906,35299.99923706055,35599.998474121094,-65099.998474121094,35400.001525878906,39099.998474121094
1781952976.499686,20260620T105602.407324Z,Bob,1,125.0,"[0.0, 0.0, 0.0, 0.0, 0.0, 125.0, 0.0, 0.0]",0.058450704225352104,-0.18309859154929578,0.3,0.4707746478873239,0.5915492957746479,0.35,111,4915,16,29,13,13,11,3,11,15,39799.99923706055,35599.998474121094,39099.998474121094,35200.00076293945,35400.001525878906,-546799.9877929688,35099.998474121094,39099.998474121094
1781952992.426095,20260620T105618.309976Z,Bob,1,130.0,"[0.0, 0.0, 0.0, 0.0, 0.0, 130.0, 0.0, 0.0]",0.018055555555555547,-0.20833333333333334,0.24444444444444444,0.4909722222222222,0.6041666666666666,0.37777777777777777,93,4916,7,17,12,12,15,6,11,13,39200.00076293945,35500.0,39200.00076293945,35299.99923706055,35299.99923706055,251100.00610351562,35500.0,38900.001525878906
1781953008.5473845,20260620T105634.282056Z,Bob,2,0.0,"[0.0, 0.0, 0.0, 0.0, 0.0, 0.0, 0.0, 0.0]",-0.12691326530612246,-0.4375,0.1836734693877551,0.5634566326530612,0.71875,0.40816326530612246,113,4916,8,26,20,10,11,5,15,18,38400.001525878906,35500.0,39500.0,35200.00076293945,36000.0,-299299.98779296875,35200.00076293945,38500.0
1781953024.581338,20260620T105650.391549Z,Bob,2,5.0,"[0.0, 0.0, 0.0, 0.0, 0.0, 0.0, 5.0, 0.0]",-0.028554778554778545,-0.2692307692307692,0.21212121212121213,0.5142773892773893,0.6346153846153846,0.3939393939393939,85,4915,8,19,14,11,12,4,9,8,39400.001525878906,35599.998474121094,39400.001525878906,35200.00076293945,35700.00076293945,441500.0,35500.0,38500.0
1781953040.6367974,20260620T105706.438921Z,Bob,2,10.0,"[0.0, 0.0, 0.0, 0.0, 0.0, 0.0, 10.0, 0.0]",0.12,-0.2,0.44,0.44,0.6,0.28,120,4910,8,25,17,20,22,3,11,14,39400.001525878906,35500.0,39299.99923706055,35400.001525878906,35799.99923706055,-38900.001525878906,35500.0,38900.001525878906
1781953056.6768277,20260620T105722.460026Z,Bob,2,15.0,"[0.0, 0.0, 0.0, 0.0, 0.0, 0.0, 15.0, 0.0]",-0.05007256894049347,-0.3076923076923077,0.20754716981132076,0.5250362844702468,0.6538461538461539,0.39622641509433965,105,4915,5,21,13,13,21,3,18,11,-450899.9938964844,35700.00076293945,39599.998474121094,35700.00076293945,35700.00076293945,38900.001525878906,35099.998474121094,38700.00076293945
1781953072.6985383,20260620T105738.558200Z,Bob,2,20.0,"[0.0, 0.0, 0.0, 0.0, 0.0, 0.0, 20.0, 0.0]",0.153516295025729,-0.05660377358490566,0.36363636363636365,0.42324185248713553,0.5283018867924528,0.3181818181818182,97,4910,10,15,13,15,15,5,9,15,-173899.99389648438,35900.001525878906,39500.0,35200.00076293945,35900.001525878906,-221600.00610351562,35599.998474121094,38799.99923706055
1781953088.6800888,20260620T105754.548158Z,Bob,2,25.0,"[0.0, 0.0, 0.0, 0.0, 0.0, 0.0, 25.0, 0.0]",-0.05355575065847233,-0.2835820895522388,0.17647058823529413,0.5267778753292361,0.6417910447761194,0.4117647058823529,101,4914,13,28,15,11,8,5,9,12,39700.00076293945,35799.99923706055,39299.99923706055,35400.001525878906,35700.00076293945,4099.999904632568,35299.99923706055,38799.99923706055
1781953104.651745,20260620T105810.554999Z,Bob,2,30.0,"[0.0, 0.0, 0.0, 0.0, 0.0, 0.0, 30.0, 0.0]",-0.025724637681159422,-0.10144927536231885,0.05,0.5128623188405796,0.5507246376811594,0.475,109,4916,9,23,15,22,7,8,11,14,39200.00076293945,35500.0,39200.00076293945,35200.00076293945,35900.001525878906,39299.99923706055,35299.99923706055,38900.001525878906
1781953120.6717353,20260620T105826.528798Z,Bob,2,35.0,"[0.0, 0.0, 0.0, 0.0, 0.0, 0.0, 35.0, 0.0]",-0.08333333333333333,-0.16666666666666666,0.0,0.5416666666666667,0.5833333333333334,0.5,92,4916,8,18,10,12,13,5,17,9,39299.99923706055,35599.998474121094,39400.001525878906,35000.0,35799.99923706055,-27399.999618530273,35500.0,38900.001525878906
1781953136.6000948,20260620T105842.495406Z,Bob,2,40.0,"[0.0, 0.0, 0.0, 0.0, 0.0, 0.0, 40.0, 0.0]",-0.09722222222222221,-0.08333333333333333,-0.1111111111111111,0.5486111111111112,0.5416666666666666,0.5555555555555556,108,4916,17,28,11,16,6,5,15,10,39799.99923706055,35700.00076293945,39099.998474121094,35099.998474121094,35099.998474121094,37900.001525878906,35599.998474121094,39000.0
1781953152.5330298,20260620T105858.416354Z,Bob,2,45.0,"[0.0, 0.0, 0.0, 0.0, 0.0, 0.0, 45.0, 0.0]",0.13333333333333333,-0.06666666666666667,0.3333333333333333,0.43333333333333335,0.5333333333333333,0.3333333333333333,111,4915,18,26,14,17,11,5,7,13,39799.99923706055,35299.99923706055,39799.99923706055,35500.0,35500.0,86099.9984741211,35200.00076293945,39000.0
1781953168.5918794,20260620T105914.382956Z,Bob,2,50.0,"[0.0, 0.0, 0.0, 0.0, 0.0, 0.0, 50.0, 0.0]",-0.03333333333333333,-0.11428571428571428,0.047619047619047616,0.5166666666666666,0.5571428571428572,0.47619047619047616,112,4916,10,21,18,21,8,6,14,14,39400.001525878906,35700.00076293945,39500.0,35400.001525878906,35799.99923706055,-65900.0015258789,35400.001525878906,38799.99923706055
1781953184.5405686,20260620T105930.432804Z,Bob,2,55.0,"[0.0, 0.0, 0.0, 0.0, 0.0, 0.0, 55.0, 0.0]",-0.05639097744360902,-0.18421052631578946,0.07142857142857142,0.5281954887218046,0.5921052631578947,0.4642857142857143,104,4916,19,28,17,12,7,5,8,8,39900.001525878906,35700.00076293945,39599.998474121094,35599.998474121094,35799.99923706055,-39599.998474121094,35099.998474121094,38700.00076293945
1781953200.5406153,20260620T105946.376374Z,Bob,2,60.0,"[0.0, 0.0, 0.0, 0.0, 0.0, 0.0, 60.0, 0.0]",-0.015255530129672012,-0.18840579710144928,0.15789473684210525,0.507627765064836,0.5942028985507246,0.42105263157894735,107,4915,13,21,20,15,10,5,11,12,39599.998474121094,35500.0,39700.00076293945,35299.99923706055,35299.99923706055,38799.99923706055,35500.0,38799.99923706055
1781953216.5610895,20260620T110002.354853Z,Bob,2,65.0,"[0.0, 0.0, 0.0, 0.0, 0.0, 0.0, 65.0, 0.0]",0.0018939393939393923,-0.12121212121212122,0.125,0.4990530303030303,0.5606060606060606,0.4375,98,4916,16,21,16,13,8,6,8,10,40099.998474121094,35500.0,39599.998474121094,35500.0,35599.998474121094,-356000.0,35599.998474121094,38400.001525878906
1781953232.5930982,20260620T110018.396323Z,Bob,2,70.0,"[0.0, 0.0, 0.0, 0.0, 0.0, 0.0, 70.0, 0.0]",-0.05772005772005771,-0.20634920634920634,0.09090909090909091,0.5288600288600288,0.6031746031746031,0.45454545454545453,107,4915,12,20,18,13,9,8,12,15,39299.99923706055,35799.99923706055,39400.001525878906,35500.0,35400.001525878906,39299.99923706055,35599.998474121094,38700.00076293945
1781953248.5394113,20260620T110034.423232Z,Bob,2,75.0,"[0.0, 0.0, 0.0, 0.0, 0.0, 0.0, 75.0, 0.0]",0.0761904761904762,-0.047619047619047616,0.2,0.46190476190476193,0.5238095238095238,0.4,103,4915,19,18,15,11,9,5,11,15,39799.99923706055,35599.998474121094,39500.0,34900.001525878906,35299.99923706055,67199.99694824219,35200.00076293945,38599.998474121094
1781953264.467208,20260620T110050.379296Z,Bob,2,80.0,"[0.0, 0.0, 0.0, 0.0, 0.0, 0.0, 80.0, 0.0]",-0.13968253968253969,-0.30158730158730157,0.022222222222222223,0.5698412698412698,0.6507936507936508,0.4888888888888889,108,4908,10,23,18,12,9,7,15,14,40000.0,35400.001525878906,39200.00076293945,35599.998474121094,35400.001525878906,107599.9984741211,35099.998474121094,38700.00076293945
1781953280.488583,20260620T110106.281902Z,Bob,2,85.0,"[0.0, 0.0, 0.0, 0.0, 0.0, 0.0, 85.0, 0.0]",0.01783992285438766,-0.08196721311475409,0.11764705882352941,0.4910800385728062,0.5409836065573771,0.4411764705882353,95,4915,13,22,11,15,10,4,11,9,39799.99923706055,35099.998474121094,39099.998474121094,35500.0,35900.001525878906,-373700.01220703125,35400.001525878906,38500.0
1781953296.5413592,20260620T110122.342705Z,Bob,2,90.0,"[0.0, 0.0, 0.0, 0.0, 0.0, 0.0, 90.0, 0.0]",-0.04646752015173067,-0.22807017543859648,0.13513513513513514,0.5232337600758654,0.6140350877192983,0.43243243243243246,94,4917,13,20,15,9,9,3,13,12,39400.001525878906,35700.00076293945,39500.0,35000.0,35700.00076293945,-315299.98779296875,35500.0,39000.0
1781953312.5264003,20260620T110138.420398Z,Bob,2,95.0,"[0.0, 0.0, 0.0, 0.0, 0.0, 0.0, 95.0, 0.0]",-0.010256410256410262,-0.2,0.1794871794871795,0.5051282051282051,0.6,0.41025641025641024,114,4908,13,27,18,17,10,5,11,13,40099.998474121094,35700.00076293945,39500.0,35200.00076293945,35200.00076293945,-359799.98779296875,35700.00076293945,38799.99923706055
1781953328.5215406,20260620T110154.402060Z,Bob,2,100.0,"[0.0, 0.0, 0.0, 0.0, 0.0, 0.0, 100.0, 0.0]",-0.22020202020202018,-0.41818181818181815,-0.022222222222222223,0.61010101010101,0.7090909090909091,0.5111111111111111,100,4920,6,25,14,10,12,6,17,10,452700.01220703125,35900.001525878906,39599.998474121094,35500.0,35900.001525878906,39299.99923706055,35500.0,38700.00076293945
1781953344.5943637,20260620T110210.393813Z,Bob,2,105.0,"[0.0, 0.0, 0.0, 0.0, 0.0, 0.0, 105.0, 0.0]",0.06975414522584333,-0.030303030303030304,0.16981132075471697,0.46512292738707833,0.5151515151515151,0.41509433962264153,119,4915,10,18,16,22,17,7,15,14,39500.0,35700.00076293945,39599.998474121094,35500.0,35299.99923706055,-448600.0061035156,35200.00076293945,39000.0
1781953360.6361089,20260620T110226.464677Z,Bob,2,110.0,"[0.0, 0.0, 0.0, 0.0, 0.0, 0.0, 110.0, 0.0]",-0.057989153108051736,-0.13725490196078433,0.02127659574468085,0.5289945765540258,0.5686274509803921,0.48936170212765956,98,4915,11,15,14,11,15,9,14,9,-899.9999761581421,35500.0,39500.0,35299.99923706055,35799.99923706055,39000.0,35200.00076293945,39200.00076293945
1781953376.6427803,20260620T110242.495796Z,Bob,2,115.0,"[0.0, 0.0, 0.0, 0.0, 0.0, 0.0, 115.0, 0.0]",-0.08070175438596491,-0.22807017543859648,0.06666666666666667,0.5403508771929825,0.6140350877192983,0.4666666666666667,102,4916,10,20,15,12,12,5,16,12,39900.001525878906,35700.00076293945,39500.0,35400.001525878906,35900.001525878906,395799.98779296875,35200.00076293945,39000.0
1781953392.70349,20260620T110258.530913Z,Bob,2,120.0,"[0.0, 0.0, 0.0, 0.0, 0.0, 0.0, 120.0, 0.0]",-0.128946493851778,-0.3559322033898305,0.09803921568627451,0.564473246925889,0.6779661016949152,0.45098039215686275,110,4916,5,24,16,14,10,9,14,18,-132300.0030517578,35599.998474121094,39799.99923706055,35000.0,35599.998474121094,39200.00076293945,35299.99923706055,39000.0
1781953408.711932,20260620T110314.552814Z,Bob,2,125.0,"[0.0, 0.0, 0.0, 0.0, 0.0, 0.0, 125.0, 0.0]",-0.17486338797814208,-0.3333333333333333,-0.01639344262295082,0.587431693989071,0.6666666666666666,0.5081967213114754,115,4910,7,21,15,11,16,7,24,14,-90199.99694824219,35299.99923706055,39500.0,35299.99923706055,35799.99923706055,-308200.01220703125,35000.0,38900.001525878906
1781953424.730596,20260620T110330.558345Z,Bob,2,130.0,"[0.0, 0.0, 0.0, 0.0, 0.0, 0.0, 130.0, 0.0]",-0.18224964404366398,-0.3877551020408163,0.023255813953488372,0.5911248220218319,0.6938775510204082,0.4883720930232558,92,4922,6,21,13,9,10,8,13,12,437700.01220703125,35400.001525878906,39400.001525878906,35400.001525878906,35799.99923706055,463700.01220703125,35200.00076293945,39000.0
1781953440.773356,20260620T110346.551934Z,Bob,3,0.0,"[0.0, 0.0, 0.0, 0.0, 0.0, 0.0, 0.0, 0.0]",0.03163992869875223,-0.08823529411764706,0.15151515151515152,0.48418003565062384,0.5441176470588235,0.42424242424242425,101,4915,13,23,14,18,9,2,12,10,39299.99923706055,35700.00076293945,39299.99923706055,35200.00076293945,35500.0,-196899.99389648438,35400.001525878906,38799.99923706055
1781953456.778128,20260620T110402.628820Z,Bob,3,5.0,"[0.0, 0.0, 0.0, 0.0, 0.0, 0.0, 0.0, 5.0]",-0.07716223855285471,-0.13793103448275862,-0.01639344262295082,0.5385811192764274,0.5689655172413793,0.5081967213114754,119,4916,14,16,17,11,17,5,26,13,138000.0,35500.0,39599.998474121094,35099.998474121094,35400.001525878906,38799.99923706055,35200.00076293945,39000.0
1781953472.838799,20260620T110418.640574Z,Bob,3,10.0,"[0.0, 0.0, 0.0, 0.0, 0.0, 0.0, 0.0, 10.0]",-0.060568086883876354,-0.10526315789473684,-0.015873015873015872,0.5302840434419382,0.5526315789473685,0.5079365079365079,139,4908,11,23,19,23,17,7,25,14,40099.998474121094,35700.00076293945,39500.0,35400.001525878906,35700.00076293945,39599.998474121094,35299.99923706055,38799.99923706055
1781953488.8632972,20260620T110434.666678Z,Bob,3,15.0,"[0.0, 0.0, 0.0, 0.0, 0.0, 0.0, 0.0, 15.0]",-0.09365079365079365,-0.30158730158730157,0.11428571428571428,0.5468253968253969,0.6507936507936508,0.44285714285714284,133,4915,11,19,22,11,21,10,21,18,19899.999618530273,35500.0,39400.001525878906,35599.998474121094,35599.998474121094,39400.001525878906,35500.0,39000.0
1781953504.9054184,20260620T110450.762487Z,Bob,3,20.0,"[0.0, 0.0, 0.0, 0.0, 0.0, 0.0, 0.0, 20.0]",-0.04193647856922603,-0.2753623188405797,0.19148936170212766,0.520968239284613,0.6376811594202898,0.40425531914893614,116,4916,13,25,19,12,13,7,12,15,40099.998474121094,35599.998474121094,39299.99923706055,35400.001525878906,35599.998474121094,114800.00305175781,35200.00076293945,38599.998474121094
1781953521.0811005,20260620T110506.790564Z,Bob,3,25.0,"[0.0, 0.0, 0.0, 0.0, 0.0, 0.0, 0.0, 25.0]",-0.08376375477206377,-0.3150684931506849,0.14754098360655737,0.5418818773860319,0.6575342465753424,0.4262295081967213,134,4916,11,31,17,14,19,12,14,16,27000.0,35500.0,39299.99923706055,35099.998474121094,35900.001525878906,19799.999237060547,35299.99923706055,38599.998474121094
1781953538.0442986,20260620T110522.960370Z,Bob,3,30.0,"[0.0, 0.0, 0.0, 0.0, 0.0, 0.0, 0.0, 30.0]",0.003030303030303022,-0.12121212121212122,0.12727272727272726,0.4984848484848484,0.5606060606060606,0.43636363636363634,121,4908,9,18,19,20,15,9,15,16,-59200.00076293945,35700.00076293945,39000.0,35200.00076293945,35299.99923706055,39099.998474121094,35099.998474121094,38799.99923706055
1781953555.0260677,20260620T110539.895521Z,Bob,3,35.0,"[0.0, 0.0, 0.0, 0.0, 0.0, 0.0, 0.0, 35.0]",-0.10317460317460317,-0.20634920634920634,0.0,0.5515873015873016,0.6031746031746031,0.5,101,4914,13,21,17,12,13,7,12,6,39599.998474121094,35700.00076293945,39500.0,35700.00076293945,35500.0,126699.99694824219,35099.998474121094,39200.00076293945
1781953571.9572093,20260620T110556.928578Z,Bob,3,40.0,"[0.0, 0.0, 0.0, 0.0, 0.0, 0.0, 0.0, 40.0]",-0.04978354978354979,-0.24242424242424243,0.14285714285714285,0.5248917748917749,0.6212121212121212,0.42857142857142855,108,4916,12,22,19,13,13,6,12,11,88199.99694824219,35799.99923706055,39299.99923706055,35200.00076293945,35599.998474121094,-481200.01220703125,35299.99923706055,39099.998474121094
1781953589.1199503,20260620T110613.843384Z,Bob,3,45.0,"[0.0, 0.0, 0.0, 0.0, 0.0, 0.0, 0.0, 45.0]",-0.02252944188428059,-0.20634920634920634,0.16129032258064516,0.5112647209421403,0.6031746031746031,0.41935483870967744,125,4915,12,18,20,13,22,12,14,14,-344000.0,35799.99923706055,39700.00076293945,35299.99923706055,35500.0,39400.001525878906,35299.99923706055,39000.0
1781953605.320139,20260620T110631.016989Z,Bob,3,50.0,"[0.0, 0.0, 0.0, 0.0, 0.0, 0.0, 0.0, 50.0]",0.06338443396226415,-0.15625,0.2830188679245283,0.4683077830188679,0.578125,0.3584905660377358,117,4915,13,16,21,14,20,8,11,14,-82199.99694824219,35900.001525878906,39200.00076293945,35299.99923706055,35500.0,-312799.98779296875,35299.99923706055,38599.998474121094
1781953622.5113444,20260620T110647.223823Z,Bob,3,55.0,"[0.0, 0.0, 0.0, 0.0, 0.0, 0.0, 0.0, 55.0]",-0.11809954751131223,-0.35384615384615387,0.11764705882352941,0.5590497737556561,0.676923076923077,0.4411764705882353,99,4916,12,26,18,9,9,7,8,10,13399.999618530273,35799.99923706055,39400.001525878906,35299.99923706055,35200.00076293945,11199.999809265137,35500.0,38799.99923706055
1781953639.608046,20260620T110704.335761Z,Bob,3,60.0,"[0.0, 0.0, 0.0, 0.0, 0.0, 0.0, 0.0, 60.0]",-0.1235632183908046,-0.41379310344827586,0.16666666666666666,0.5617816091954023,0.7068965517241379,0.4166666666666667,106,4914,7,24,17,10,14,5,15,14,40200.00076293945,35400.001525878906,39400.001525878906,35299.99923706055,35700.00076293945,-340000.0,35200.00076293945,38900.001525878906
1781953656.750431,20260620T110721.499903Z,Bob,3,65.0,"[0.0, 0.0, 0.0, 0.0, 0.0, 0.0, 0.0, 65.0]",-0.09265734265734266,-0.23076923076923078,0.045454545454545456,0.5463286713286714,0.6153846153846154,0.4772727272727273,109,4908,9,21,19,16,14,5,16,9,39799.99923706055,35799.99923706055,39299.99923706055,35099.998474121094,35700.00076293945,38700.00076293945,35400.001525878906,38799.99923706055
1781953673.7903056,20260620T110738.625890Z,Bob,3,70.0,"[0.0, 0.0, 0.0, 0.0, 0.0, 0.0, 0.0, 70.0]",-0.07849462365591399,-0.2903225806451613,0.13333333333333333,0.539247311827957,0.6451612903225806,0.43333333333333335,92,4916,13,23,17,9,9,3,10,8,39599.998474121094,35500.0,39099.998474121094,35599.998474121094,35799.99923706055,-3900.0000953674316,35099.998474121094,39000.0
1781953691.0282102,20260620T110755.687322Z,Bob,3,75.0,"[0.0, 0.0, 0.0, 0.0, 0.0, 0.0, 0.0, 75.0]",-0.07185869128863911,-0.20754716981132076,0.06382978723404255,0.5359293456443195,0.6037735849056604,0.46808510638297873,100,4915,8,17,15,13,7,7,15,18,39799.99923706055,35400.001525878906,39200.00076293945,35200.00076293945,35299.99923706055,-261100.00610351562,35200.00076293945,39000.0
1781953707.9993627,20260620T110812.905665Z,Bob,3,80.0,"[0.0, 0.0, 0.0, 0.0, 0.0, 0.0, 0.0, 80.0]",0.09056122448979592,-0.125,0.30612244897959184,0.454719387755102,0.5625,0.3469387755102041,113,4915,13,22,14,15,19,5,12,13,-137800.0030517578,35599.998474121094,38900.001525878906,35400.001525878906,35500.0,-292100.0061035156,35299.99923706055,38400.001525878906
1781953725.065189,20260620T110829.844173Z,Bob,3,85.0,"[0.0, 0.0, 0.0, 0.0, 0.0, 0.0, 0.0, 85.0]",0.023809523809523808,-0.2857142857142857,0.3333333333333333,0.48809523809523814,0.6428571428571429,0.3333333333333333,104,4903,9,18,18,11,20,7,9,12,-178000.0,35599.998474121094,39299.99923706055,35299.99923706055,35700.00076293945,-60900.001525878906,35099.998474121094,38400.001525878906
1781953742.123672,20260620T110846.955345Z,Bob,3,90.0,"[0.0, 0.0, 0.0, 0.0, 0.0, 0.0, 0.0, 90.0]",0.06897546897546897,-0.16363636363636364,0.30158730158730157,0.4655122655122655,0.5818181818181818,0.3492063492063492,118,4907,11,14,18,12,25,8,14,16,40000.0,35400.001525878906,39299.99923706055,35500.0,35900.001525878906,39299.99923706055,35700.00076293945,38700.00076293945
1781953759.1138985,20260620T110903.973449Z,Bob,3,95.0,"[0.0, 0.0, 0.0, 0.0, 0.0, 0.0, 0.0, 95.0]",-0.08963585434173668,-0.23809523809523808,0.058823529411764705,0.5448179271708684,0.6190476190476191,0.47058823529411764,131,4916,10,23,16,14,16,14,18,20,345200.01220703125,35400.001525878906,39299.99923706055,35299.99923706055,35900.001525878906,39200.00076293945,35099.998474121094,38700.00076293945
1781953775.1617858,20260620T110920.950539Z,Bob,3,100.0,"[0.0, 0.0, 0.0, 0.0, 0.0, 0.0, 0.0, 100.0]",-0.14285714285714285,-0.3968253968253968,0.1111111111111111,0.5714285714285714,0.6984126984126984,0.4444444444444444,117,4921,8,18,26,11,16,6,18,14,63599.998474121094,35599.998474121094,39500.0,35000.0,35400.001525878906,308100.0061035156,35299.99923706055,38700.00076293945
1781953791.2163274,20260620T110937.036561Z,Bob,3,105.0,"[0.0, 0.0, 0.0, 0.0, 0.0, 0.0, 0.0, 105.0]",0.032991202346041054,-0.16129032258064516,0.22727272727272727,0.4835043988269795,0.5806451612903226,0.38636363636363635,106,4918,9,19,17,17,14,7,10,13,39700.00076293945,35500.0,39200.00076293945,35099.998474121094,35400.001525878906,265000.0,35400.001525878906,38799.99923706055
1781953807.6360972,20260620T110953.071393Z,Bob,3,110.0,"[0.0, 0.0, 0.0, 0.0, 0.0, 0.0, 0.0, 110.0]",-0.04000000000000001,-0.2,0.12,0.52,0.6,0.44,115,4915,11,23,16,15,13,9,13,15,-382100.0061035156,35500.0,39500.0,35000.0,35799.99923706055,421299.98779296875,35000.0,38700.00076293945
1781953823.7320595,20260620T111009.553057Z,Bob,3,115.0,"[0.0, 0.0, 0.0, 0.0, 0.0, 0.0, 0.0, 115.0]",-0.07027649769585255,-0.3548387096774194,0.21428571428571427,0.5351382488479263,0.6774193548387096,0.39285714285714285,118,4915,9,19,23,11,16,9,13,18,15699.999809265137,35700.00076293945,39299.99923706055,35200.00076293945,35400.001525878906,-191100.00610351562,35200.00076293945,38799.99923706055
1781953839.6850007,20260620T111025.568653Z,Bob,3,120.0,"[0.0, 0.0, 0.0, 0.0, 0.0, 0.0, 0.0, 120.0]",0.06767676767676767,-0.24242424242424243,0.37777777777777777,0.46616161616161617,0.6212121212121212,0.3111111111111111,111,4916,13,24,17,12,9,5,9,22,326000.0,35599.998474121094,39500.0,35700.00076293945,35900.001525878906,-202399.99389648438,35700.00076293945,39099.998474121094
1781953855.5938237,20260620T111041.495556Z,Bob,3,125.0,"[0.0, 0.0, 0.0, 0.0, 0.0, 0.0, 0.0, 125.0]",-0.0319838056680162,-0.16923076923076924,0.10526315789473684,0.5159919028340081,0.5846153846153846,0.4473684210526316,103,4917,14,23,15,13,10,7,10,11,39599.998474121094,35500.0,39400.001525878906,35200.00076293945,35900.001525878906,-8100.000381469727,35000.0,39000.0
1781953871.695198,20260620T111057.502650Z,Bob,3,130.0,"[0.0, 0.0, 0.0, 0.0, 0.0, 0.0, 0.0, 130.0]",-0.0979757085020243,-0.35384615384615387,0.15789473684210525,0.5489878542510122,0.676923076923077,0.42105263157894735,103,4917,8,30,14,13,11,4,12,11,39400.001525878906,35700.00076293945,39000.0,35299.99923706055,35299.99923706055,2000.0,35200.00076293945,38500.0
