run_start_utc,run_start_local,experiment,window_ps,sigma,mode,notes,record_id,reference_delay_scan,window_source,title_match_score,title_runner_up_window_ps
2026-07-09T07:50:41.661521+00:00,2026-07-09T09:50:41.661521+02:00,CHSH,500,3,optimize,Reference delay scan Data/DelayScans/initial_delay_scans_CHSH_S_20260709T075041.661521Z.png; window source=manual_override; match_score=0.195861; runner_up=800 ps.,CHSH_S,Data/DelayScans/initial_delay_scans_CHSH_S_20260709T075041.661521Z.png,manual_override,0.195861,800
2026-07-09T07:52:41.480113+00:00,2026-07-09T09:52:41.480113+02:00,CHSH,800,,optimize,Reference delay scan Data/DelayScans/initial_delay_scans_CHSH_S_20260709T075241.480113Z.png; window source=title_match; match_score=0.188095; runner_up=500 ps.,CHSH_S,Data/DelayScans/initial_delay_scans_CHSH_S_20260709T075241.480113Z.png,title_match,0.188095,500
2026-07-09T07:54:08.700029+00:00,2026-07-09T09:54:08.700029+02:00,CHSH,800,,optimize,Reference delay scan Data/DelayScans/initial_delay_scans_CHSH_S_20260709T075408.700029Z.png; window source=title_match; match_score=0.184713; runner_up=500 ps.,CHSH_S,Data/DelayScans/initial_delay_scans_CHSH_S_20260709T075408.700029Z.png,title_match,0.184713,500
2026-07-09T07:55:40.420028+00:00,2026-07-09T09:55:40.420028+02:00,CHSH,480,3,optimize,Reference delay scan Data/DelayScans/initial_delay_scans_CHSH_S_20260709T075540.420028Z.png; window source=title_match; match_score=0.187240; runner_up=800 ps.,CHSH_S,Data/DelayScans/initial_delay_scans_CHSH_S_20260709T075540.420028Z.png,title_match,0.187240,800
2026-07-09T07:56:42.747318+00:00,2026-07-09T09:56:42.747318+02:00,CHSH,480,3,optimize,Reference delay scan Data/DelayScans/initial_delay_scans_CHSH_S_20260709T075642.747318Z.png; window source=title_match; match_score=0.188517; runner_up=750 ps.,CHSH_S,Data/DelayScans/initial_delay_scans_CHSH_S_20260709T075642.747318Z.png,title_match,0.188517,750
2026-07-09T07:58:07.844174+00:00,2026-07-09T09:58:07.844174+02:00,CHSH,475,3,optimize,Reference delay scan Data/DelayScans/initial_delay_scans_CHSH_S_20260709T075807.844174Z.png; window source=title_match; match_score=0.174797; runner_up=480 ps.,CHSH_S,Data/DelayScans/initial_delay_scans_CHSH_S_20260709T075807.844174Z.png,title_match,0.174797,480
2026-07-09T08:01:27.031245+00:00,2026-07-09T10:01:27.031245+02:00,CHSH,475,3,optimize,Reference delay scan Data/DelayScans/initial_delay_scans_CHSH_S_20260709T080127.031245Z.png; window source=title_match; match_score=0.174797; runner_up=480 ps.,CHSH_S,Data/DelayScans/initial_delay_scans_CHSH_S_20260709T080127.031245Z.png,title_match,0.174797,480
2026-07-09T09:07:42.087504+00:00,2026-07-09T11:07:42.087504+02:00,CHSH,475,3,optimize,Reference delay scan Data/DelayScans/initial_delay_scans_CHSH_S_20260709T090742.087504Z.png; window source=title_match; match_score=0.174797; runner_up=480 ps.,CHSH_S,Data/DelayScans/initial_delay_scans_CHSH_S_20260709T090742.087504Z.png,title_match,0.174797,480
2026-07-09T09:43:49.709655+00:00,2026-07-09T11:43:49.709655+02:00,QKD+CHSH,475,3,optimize,Reference delay scan Data/DelayScans/initial_delay_scans_QKD_20260709T094349.709655Z.png; window source=title_match; match_score=0.174797; runner_up=480 ps.,QKD,Data/DelayScans/initial_delay_scans_QKD_20260709T094349.709655Z.png,title_match,0.174797,480
2026-07-09T09:58:26.634576+00:00,2026-07-09T11:58:26.634576+02:00,QKD+CHSH,475,3,optimize,Reference delay scan Data/DelayScans/initial_delay_scans_QKD_20260709T095826.634576Z.png; window source=title_match; match_score=0.174797; runner_up=480 ps.,QKD,Data/DelayScans/initial_delay_scans_QKD_20260709T095826.634576Z.png,title_match,0.174797,480
2026-07-09T10:49:39.952439+00:00,2026-07-09T12:49:39.952439+02:00,QKD+CHSH,475,3,optimize,Reference delay scan Data/DelayScans/initial_delay_scans_QKD_20260709T104939.952439Z.png; window source=title_match; match_score=0.174797; runner_up=480 ps.,QKD,Data/DelayScans/initial_delay_scans_QKD_20260709T104939.952439Z.png,title_match,0.174797,480
2026-07-09T11:59:35.015679+00:00,2026-07-09T13:59:35.015679+02:00,QKD+CHSH,475,3,optimize,Reference delay scan Data/DelayScans/initial_delay_scans_QKD_20260709T115935.015679Z.png; window source=title_match; match_score=0.175460; runner_up=480 ps.,QKD,Data/DelayScans/initial_delay_scans_QKD_20260709T115935.015679Z.png,title_match,0.175460,480
2026-07-10T06:13:16.089971+00:00,2026-07-10T08:13:16.089971+02:00,CHSH,475,3,optimize,Reference delay scan Data/DelayScans/initial_delay_scans_CHSH_S_20260710T061316.089971Z.png; window source=title_match; match_score=0.178860; runner_up=480 ps.,CHSH_S,Data/DelayScans/initial_delay_scans_CHSH_S_20260710T061316.089971Z.png,title_match,0.178860,480
2026-07-10T06:29:17.760904+00:00,2026-07-10T08:29:17.760904+02:00,CHSH,475,3,optimize,Reference delay scan Data/DelayScans/initial_delay_scans_CHSH_S_20260710T062917.760904Z.png; window source=title_match; match_score=0.178860; runner_up=480 ps.,CHSH_S,Data/DelayScans/initial_delay_scans_CHSH_S_20260710T062917.760904Z.png,title_match,0.178860,480
2026-07-10T07:18:28.858718+00:00,2026-07-10T09:18:28.858718+02:00,CHSH,475,3,optimize,Reference delay scan Data/DelayScans/initial_delay_scans_CHSH_S_20260710T071828.858718Z.png; window source=title_match; match_score=0.178860; runner_up=480 ps.,CHSH_S,Data/DelayScans/initial_delay_scans_CHSH_S_20260710T071828.858718Z.png,title_match,0.178860,480
2026-07-10T09:03:25.230854+00:00,2026-07-10T11:03:25.230854+02:00,QKD+CHSH,475,3,optimize,Reference delay scan Data/DelayScans/initial_delay_scans_QKD_20260710T090325.230854Z.png; window source=title_match; match_score=0.178860; runner_up=480 ps.,QKD,Data/DelayScans/initial_delay_scans_QKD_20260710T090325.230854Z.png,title_match,0.178860,480
2026-07-10T09:31:47.568527+00:00,2026-07-10T11:31:47.568527+02:00,QKD+CHSH,475,3,optimize,Reference delay scan Data/DelayScans/initial_delay_scans_QKD_20260710T093147.568527Z.png; window source=title_match; match_score=0.178860; runner_up=480 ps.,QKD,Data/DelayScans/initial_delay_scans_QKD_20260710T093147.568527Z.png,title_match,0.178860,480
2026-07-10T10:50:07.229271+00:00,2026-07-10T12:50:07.229271+02:00,QKD+CHSH,475,3,optimize,Reference delay scan Data/DelayScans/initial_delay_scans_QKD_20260710T105007.229271Z.png; window source=title_match; match_score=0.175460; runner_up=480 ps.,QKD,Data/DelayScans/initial_delay_scans_QKD_20260710T105007.229271Z.png,title_match,0.175460,480
2026-07-10T11:24:42.152207+00:00,2026-07-10T13:24:42.152207+02:00,QKD+CHSH,475,3,optimize,Reference delay scan Data/DelayScans/initial_delay_scans_QKD_20260710T112442.152207Z.png; window source=title_match; match_score=0.175460; runner_up=480 ps.,QKD,Data/DelayScans/initial_delay_scans_QKD_20260710T112442.152207Z.png,title_match,0.175460,480
2026-07-10T11:26:34.378200+00:00,2026-07-10T13:26:34.378200+02:00,QKD+CHSH,475,3,optimize,Reference delay scan Data/DelayScans/initial_delay_scans_QKD_20260710T112634.378200Z.png; window source=title_match; match_score=0.175460; runner_up=480 ps.,QKD,Data/DelayScans/initial_delay_scans_QKD_20260710T112634.378200Z.png,title_match,0.175460,480
2026-07-10T11:29:17.782099+00:00,2026-07-10T13:29:17.782099+02:00,QKD+CHSH,475,3,optimize,Reference delay scan Data/DelayScans/initial_delay_scans_QKD_20260710T112917.782099Z.png; window source=title_match; match_score=0.175460; runner_up=480 ps.,QKD,Data/DelayScans/initial_delay_scans_QKD_20260710T112917.782099Z.png,title_match,0.175460,480
2026-07-10T12:03:56.842504+00:00,2026-07-10T14:03:56.842504+02:00,QKD+CHSH,160,1,optimize,Reference delay scan Data/DelayScans/initial_delay_scans_QKD_20260710T120356.842504Z.png; window source=title_match; match_score=0.199892; runner_up=750 ps.,QKD,Data/DelayScans/initial_delay_scans_QKD_20260710T120356.842504Z.png,title_match,0.199892,750
2026-07-10T13:53:31.959654+00:00,2026-07-10T15:53:31.959654+02:00,QKD+CHSH,160,1,optimize,Reference delay scan Data/DelayScans/initial_delay_scans_QKD_20260710T135331.959654Z.png; window source=title_match; match_score=0.203428; runner_up=750 ps.,QKD,Data/DelayScans/initial_delay_scans_QKD_20260710T135331.959654Z.png,title_match,0.203428,750
2026-07-10T14:23:45.347014+00:00,2026-07-10T16:23:45.347014+02:00,QKD+CHSH,160,1,optimize,Reference delay scan Data/DelayScans/initial_delay_scans_QKD_20260710T142345.347014Z.png; window source=title_match; match_score=0.203428; runner_up=750 ps.,QKD,Data/DelayScans/initial_delay_scans_QKD_20260710T142345.347014Z.png,title_match,0.203428,750
2026-07-10T16:04:52.416132+00:00,2026-07-10T18:04:52.416132+02:00,QKD+CHSH,160,1,optimize,Reference delay scan Data/DelayScans/initial_delay_scans_QKD_20260710T160452.416132Z.png; window source=title_match; match_score=0.203428; runner_up=750 ps.,QKD,Data/DelayScans/initial_delay_scans_QKD_20260710T160452.416132Z.png,title_match,0.203428,750
2026-07-10T16:36:43.556857+00:00,2026-07-10T18:36:43.556857+02:00,QKD+CHSH,160,1,optimize,Reference delay scan Data/DelayScans/initial_delay_scans_QKD_20260710T163643.556857Z.png; window source=title_match; match_score=0.203428; runner_up=750 ps.,QKD,Data/DelayScans/initial_delay_scans_QKD_20260710T163643.556857Z.png,title_match,0.203428,750
2026-07-10T17:13:16.792890+00:00,2026-07-10T19:13:16.792890+02:00,QKD+CHSH,160,1,optimize,Reference delay scan Data/DelayScans/initial_delay_scans_QKD_20260710T171316.792890Z.png; window source=title_match; match_score=0.203428; runner_up=750 ps.,QKD,Data/DelayScans/initial_delay_scans_QKD_20260710T171316.792890Z.png,title_match,0.203428,750
2026-07-10T17:14:39.658711+00:00,2026-07-10T19:14:39.658711+02:00,QKD+CHSH,160,1,optimize,Reference delay scan Data/DelayScans/initial_delay_scans_QKD_20260710T171439.658711Z.png; window source=title_match; match_score=0.203428; runner_up=750 ps.,QKD,Data/DelayScans/initial_delay_scans_QKD_20260710T171439.658711Z.png,title_match,0.203428,750
2026-07-10T17:28:12.306558+00:00,2026-07-10T19:28:12.306558+02:00,QKD+CHSH,160,1,optimize,Reference delay scan Data/DelayScans/initial_delay_scans_QKD_20260710T172812.306558Z.png; window source=title_match; match_score=0.203428; runner_up=750 ps.,QKD,Data/DelayScans/initial_delay_scans_QKD_20260710T172812.306558Z.png,title_match,0.203428,750
2026-07-10T18:27:48.438966+00:00,2026-07-10T20:27:48.438966+02:00,QKD+CHSH,160,1,optimize,Reference delay scan Data/DelayScans/initial_delay_scans_QKD_20260710T182748.438966Z.png; window source=title_match; match_score=0.203428; runner_up=750 ps.,QKD,Data/DelayScans/initial_delay_scans_QKD_20260710T182748.438966Z.png,title_match,0.203428,750
2026-07-11T07:26:05.161601+00:00,2026-07-11T09:26:05.161601+02:00,QKD+CHSH,750,,optimize,Reference delay scan Data/DelayScans/initial_delay_scans_QKD_20260711T072605.161601Z.png; window source=title_match; match_score=0.208865; runner_up=320 ps.,QKD,Data/DelayScans/initial_delay_scans_QKD_20260711T072605.161601Z.png,title_match,0.208865,320
2026-07-11T13:11:54.140193+00:00,2026-07-11T15:11:54.140193+02:00,QKD+CHSH,320,2,optimize,Reference delay scan Data/DelayScans/initial_delay_scans_QKD_20260711T131154.140193Z.png; window source=title_match; match_score=0.194519; runner_up=800 ps.,QKD,Data/DelayScans/initial_delay_scans_QKD_20260711T131154.140193Z.png,title_match,0.194519,800
2026-07-11T21:09:04.138648+00:00,2026-07-11T23:09:04.138648+02:00,QKD+CHSH,320,2,stability_monitor,Reference delay scan Data/DelayScans/initial_delay_scans_QKD_20260711T210904.138648Z.png; window source=title_match; match_score=0.194519; runner_up=800 ps.,QKD,Data/DelayScans/initial_delay_scans_QKD_20260711T210904.138648Z.png,title_match,0.194519,800
2026-07-12T07:44:49.021540+00:00,2026-07-12T09:44:49.021540+02:00,QKD+CHSH,475,3,stability_monitor,Reference delay scan Data/DelayScans/initial_delay_scans_QKD_20260712T074449.021540Z.png; window source=title_match; match_score=0.174797; runner_up=480 ps.,QKD,Data/DelayScans/initial_delay_scans_QKD_20260712T074449.021540Z.png,title_match,0.174797,480
